feature_1,feature_2,interaction_score
GrLivArea_to_TotalSF,MSSubClass,90.0
BathsPerRoom,MSSubClass,90.0
BathsPerRoom,MSSubClass,89.0
RemodAge,MSSubClass,89.0
GrLivArea_to_TotalSF,MSSubClass,89.0
RemodAge,MSSubClass,88.0
Age,MSSubClass,88.0
BathsPerRoom,MSSubClass,88.0
GrLivArea_to_TotalSF,MSSubClass,88.0
TotalSF,MSSubClass,87.0
RemodAge,MSSubClass,87.0
Age,MSSubClass,87.0
TotalSF,MSSubClass,86.0
RemodAge,MSSubClass,86.0
GarageCond_ord,MSSubClass,85.0
TotalSF,MSSubClass,85.0
GrLivArea_to_TotalSF,MSSubClass,85.0
TotalSF,MSSubClass,84.0
FireplaceQu_ord,MSSubClass,84.0
BathsPerRoom,MSSubClass,84.0
TotalSF,MSSubClass,83.0
TotalSF,MSSubClass,81.0
FireplaceQu_ord,MSSubClass,81.0
RemodAge,MSSubClass,81.0
GarageQual_ord,MSSubClass,81.0
BathsPerRoom,MSSubClass,80.0
FireplaceQu_ord,MSSubClass,79.0
GarageQual_ord,MSSubClass,79.0
BathsPerRoom,MSSubClass,79.0
TotalSF,MSSubClass,79.0
HeatingQC_ord,MSSubClass,78.0
BsmtCond_ord,MSSubClass,78.0
TotalSF,MSSubClass,78.0
BsmtQual_ord,MSSubClass,78.0
RemodAge,MSSubClass,78.0
BathsPerRoom,MSSubClass,78.0
GrLivArea_to_TotalSF,MSSubClass,78.0
GarageCond_ord,MSSubClass,78.0
Age,MSSubClass,78.0
ExterQual_ord,MSSubClass,78.0
GrLivArea_to_TotalSF,MSSubClass,77.0
RemodAge,MSSubClass,77.0
TotalSF,MSSubClass,77.0
Age,MSSubClass,77.0
SaleCondition,MSSubClass,77.0
GrLivArea_to_TotalSF,MSSubClass,76.0
KitchenQual_ord,MSSubClass,76.0
RemodAge,MSSubClass,76.0
SaleCondition,MSSubClass,76.0
TotalSF,MSSubClass,76.0
HeatingQC_ord,MSSubClass,76.0
BathsPerRoom,MSSubClass,75.0
Age,MSSubClass,75.0
YrSold,MSSubClass,75.0
BsmtCond_ord,MSSubClass,75.0
GrLivArea_to_TotalSF,MSSubClass,75.0
SaleType,MSSubClass,75.0
RemodAge,MSSubClass,75.0
TotalSF,MSSubClass,75.0
SaleCondition,MSSubClass,75.0
SaleCondition,MSSubClass,74.0
BathsPerRoom,MSSubClass,74.0
TotalSF,MSSubClass,74.0
MoSold,MSSubClass,73.0
Age,MSSubClass,73.0
RemodAge,MSSubClass,73.0
TotalSF,MSSubClass,73.0
SaleCondition,MSSubClass,73.0
GrLivArea_to_TotalSF,MSSubClass,73.0
BathsPerRoom,MSSubClass,73.0
KitchenQual_ord,MSSubClass,72.0
RemodAge,MSSubClass,72.0
TotalSF,MSSubClass,72.0
SaleCondition,MSSubClass,72.0
Age,MSSubClass,72.0
MiscFeature,MSSubClass,72.0
GarageQual_ord,MSSubClass,72.0
MoSold,MSSubClass,72.0
BathsPerRoom,MSSubClass,72.0
FireplaceQu_ord,MSSubClass,72.0
GarageCond_ord,MSSubClass,72.0
GrLivArea_to_TotalSF,MSSubClass,72.0
Age,MSSubClass,71.0
GarageQual_ord,MSSubClass,71.0
RemodAge,MSSubClass,71.0
BathsPerRoom,MSSubClass,71.0
MiscFeature,MSSubClass,71.0
SaleCondition,MSSubClass,71.0
FireplaceQu_ord,MSSubClass,71.0
TotalSF,MSSubClass,71.0
SaleType,MSSubClass,71.0
MiscVal,MSSubClass,70.0
RemodAge,MSSubClass,70.0
Fence,MSSubClass,70.0
PoolQC,MSSubClass,70.0
BathsPerRoom,MSSubClass,70.0
SaleCondition,MSSubClass,70.0
SaleCondition,MSSubClass,69.0
GarageCond_ord,MSSubClass,69.0
TotalSF,MSSubClass,69.0
RemodAge,MSSubClass,69.0
Age,MSSubClass,69.0
BsmtQual_ord,MSSubClass,69.0
MoSold,MSSubClass,69.0
Fence,MSSubClass,69.0
FireplaceQu_ord,MSSubClass,69.0
GrLivArea_to_TotalSF,MSSubClass,69.0
PoolQC,MSSubClass,69.0
BathsPerRoom,MSSubClass,69.0
PoolArea,MSSubClass,69.0
RemodAge,MSSubClass,68.0
SaleType,MSSubClass,68.0
GrLivArea_to_TotalSF,MSSubClass,68.0
Fence,MSSubClass,68.0
FireplaceQu_ord,MSSubClass,68.0
PoolArea,MSSubClass,68.0
MoSold,MSSubClass,68.0
PoolQC,MSSubClass,68.0
MiscFeature,MSSubClass,68.0
TotalSF,MSSubClass,68.0
ScreenPorch,MSSubClass,68.0
TotalSF,MSSubClass,67.0
MoSold,MSSubClass,67.0
Fence,MSSubClass,67.0
YrSold,MSSubClass,67.0
RemodAge,MSSubClass,67.0
ScreenPorch,MSSubClass,67.0
ScreenPorch,MSSubClass,66.0
SaleCondition,MSSubClass,66.0
MoSold,MSSubClass,66.0
PoolQC,MSSubClass,66.0
TotalSF,MSSubClass,66.0
Age,MSSubClass,66.0
ExterCond_ord,MSSubClass,66.0
BathsPerRoom,MSSubClass,66.0
3SsnPorch,MSSubClass,66.0
SaleType,MSSubClass,66.0
RemodAge,MSSubClass,66.0
Fence,MSSubClass,66.0
GrLivArea_to_TotalSF,MSSubClass,66.0
MiscFeature,MSSubClass,66.0
PoolArea,MSSubClass,66.0
ExterQual_ord,MSSubClass,65.0
Fence,MSSubClass,65.0
KitchenQual_ord,MSSubClass,65.0
BathsPerRoom,MSSubClass,65.0
GrLivArea_to_TotalSF,MSSubClass,65.0
SaleCondition,MSSubClass,65.0
MoSold,MSSubClass,65.0
TotalSF,MSSubClass,65.0
MiscVal,MSSubClass,65.0
Age,MSSubClass,65.0
3SsnPorch,MSSubClass,65.0
Age,MSSubClass,64.0
PoolArea,MSSubClass,64.0
ExterQual_ord,MSSubClass,64.0
Fence,MSSubClass,64.0
MiscVal,MSSubClass,64.0
GrLivArea_to_TotalSF,MSSubClass,64.0
TotalSF,MSSubClass,64.0
BsmtQual_ord,MSSubClass,64.0
SaleCondition,MSSubClass,64.0
WoodDeckSF,MSSubClass,64.0
MiscFeature,MSSubClass,64.0
RemodAge,MSSubClass,64.0
ScreenPorch,MSSubClass,64.0
FireplaceQu_ord,MSSubClass,64.0
PoolQC,MSSubClass,64.0
YrSold,MSSubClass,63.0
SaleCondition,MSSubClass,63.0
Fence,MSSubClass,63.0
OpenPorchSF,MSSubClass,63.0
SaleType,MSSubClass,63.0
ExterQual_ord,MSSubClass,63.0
MoSold,MSSubClass,63.0
TotalSF,MSSubClass,63.0
BathsPerRoom,MSSubClass,63.0
ScreenPorch,MSSubClass,63.0
RemodAge,MSSubClass,63.0
EnclosedPorch,MSSubClass,63.0
KitchenQual_ord,MSSubClass,63.0
Age,MSSubClass,63.0
GrLivArea_to_TotalSF,MSSubClass,62.0
MoSold,MSSubClass,62.0
OpenPorchSF,MSSubClass,62.0
3SsnPorch,MSSubClass,62.0
PoolQC,MSSubClass,62.0
Fence,MSSubClass,62.0
SaleType,MSSubClass,62.0
TotalSF,MSSubClass,62.0
ScreenPorch,MSSubClass,62.0
MiscFeature,MSSubClass,62.0
SaleCondition,MSSubClass,62.0
GarageCond,MSSubClass,62.0
FireplaceQu_ord,MSSubClass,61.0
GarageCond,MSSubClass,61.0
GrLivArea_to_TotalSF,MSSubClass,61.0
PavedDrive,MSSubClass,61.0
Fence,MSSubClass,61.0
WoodDeckSF,MSSubClass,61.0
GarageQual,MSSubClass,61.0
ExterCond_ord,MSSubClass,61.0
YrSold,MSSubClass,61.0
BsmtQual_ord,MSSubClass,61.0
BathsPerRoom,MSSubClass,61.0
MiscFeature,MSSubClass,61.0
Age,MSSubClass,61.0
SaleCondition,MSSubClass,61.0
RemodAge,MSSubClass,61.0
SaleType,MSSubClass,61.0
3SsnPorch,MSSubClass,61.0
PoolQC,MSSubClass,61.0
TotalSF,MSSubClass,61.0
ExterQual_ord,MSSubClass,61.0
PoolArea,MSSubClass,61.0
ScreenPorch,MSSubClass,61.0
KitchenQual_ord,MSSubClass,61.0
MoSold,MSSubClass,61.0
GarageQual_ord,MSSubClass,61.0
OpenPorchSF,MSSubClass,61.0
Age,MSSubClass,60.0
SaleType,MSSubClass,60.0
TotalSF,MSSubClass,60.0
PoolArea,MSSubClass,60.0
BsmtQual_ord,MSSubClass,60.0
MoSold,MSSubClass,60.0
GarageQual_ord,MSSubClass,60.0
ScreenPorch,MSSubClass,60.0
GarageQual,MSSubClass,60.0
GrLivArea_to_TotalSF,MSSubClass,60.0
RemodAge,MSSubClass,60.0
GarageArea,MSSubClass,60.0
PavedDrive,MSSubClass,60.0
BathsPerRoom,MSSubClass,60.0
WoodDeckSF,MSSubClass,60.0
3SsnPorch,MSSubClass,60.0
FireplaceQu_ord,MSSubClass,60.0
MiscFeature,MSSubClass,60.0
OpenPorchSF,MSSubClass,60.0
BsmtQual_ord,MSSubClass,59.0
SaleType,MSSubClass,59.0
MoSold,MSSubClass,59.0
ScreenPorch,MSSubClass,59.0
YrSold,MSSubClass,59.0
PoolQC,MSSubClass,59.0
Fence,MSSubClass,59.0
RemodAge,MSSubClass,59.0
TotalSF,MSSubClass,59.0
MiscFeature,MSSubClass,59.0
OpenPorchSF,MSSubClass,59.0
Age,MSSubClass,59.0
SaleCondition,MSSubClass,59.0
GarageArea,MSSubClass,59.0
PavedDrive,MSSubClass,59.0
KitchenQual_ord,MSSubClass,59.0
FireplaceQu_ord,MSSubClass,58.0
BsmtQual_ord,MSSubClass,58.0
WoodDeckSF,MSSubClass,58.0
RemodAge,MSSubClass,58.0
GarageQual,MSSubClass,58.0
Age,MSSubClass,58.0
ScreenPorch,MSSubClass,58.0
GarageCars,MSSubClass,58.0
OpenPorchSF,MSSubClass,58.0
ExterQual_ord,MSSubClass,58.0
GarageCond,MSSubClass,58.0
MoSold,MSSubClass,58.0
GarageArea,MSSubClass,58.0
PavedDrive,MSSubClass,58.0
BathsPerRoom,MSSubClass,58.0
SaleCondition,MSSubClass,58.0
SaleType,MSSubClass,58.0
GarageQual_ord,MSSubClass,58.0
PoolQC,MSSubClass,58.0
YrSold,MSSubClass,58.0
EnclosedPorch,MSSubClass,58.0
GrLivArea_to_TotalSF,MSSubClass,58.0
TotalSF,MSSubClass,58.0
Fence,MSSubClass,58.0
FireplaceQu_ord,MSSubClass,57.0
PoolQC,MSSubClass,57.0
WoodDeckSF,MSSubClass,57.0
GarageCond,MSSubClass,57.0
YrSold,MSSubClass,57.0
Fence,MSSubClass,57.0
KitchenQual_ord,MSSubClass,57.0
RemodAge,MSSubClass,57.0
GarageQual,MSSubClass,57.0
MiscFeature,MSSubClass,57.0
Age,MSSubClass,57.0
GarageYrBlt,MSSubClass,57.0
BsmtQual_ord,MSSubClass,57.0
PoolArea,MSSubClass,57.0
ScreenPorch,MSSubClass,57.0
GarageCars,MSSubClass,57.0
BathsPerRoom,MSSubClass,57.0
PavedDrive,MSSubClass,57.0
TotalSF,MSSubClass,57.0
OpenPorchSF,MSSubClass,57.0
SaleCondition,MSSubClass,57.0
GarageArea,MSSubClass,57.0
MoSold,MSSubClass,57.0
GrLivArea_to_TotalSF,MSSubClass,57.0
ExterCond_ord,MSSubClass,56.0
ExterQual_ord,MSSubClass,56.0
GarageQual,MSSubClass,56.0
BsmtQual_ord,MSSubClass,56.0
GrLivArea_to_TotalSF,MSSubClass,56.0
GarageType,MSSubClass,56.0
Age,MSSubClass,56.0
GarageCars,MSSubClass,56.0
PoolQC,MSSubClass,56.0
BathsPerRoom,MSSubClass,56.0
GarageCond,MSSubClass,56.0
TotalSF,MSSubClass,56.0
GarageFinish,MSSubClass,56.0
PavedDrive,MSSubClass,56.0
OpenPorchSF,MSSubClass,56.0
SaleType,MSSubClass,56.0
MiscFeature,MSSubClass,56.0
SaleCondition,MSSubClass,56.0
GarageArea,MSSubClass,56.0
ScreenPorch,MSSubClass,56.0
MoSold,MSSubClass,56.0
PoolArea,MSSubClass,56.0
RemodAge,MSSubClass,56.0
Fence,MSSubClass,56.0
GarageYrBlt,MSSubClass,56.0
GarageQual_ord,MSSubClass,56.0
YrSold,MSSubClass,56.0
MoSold,MSSubClass,55.0
ScreenPorch,MSSubClass,55.0
WoodDeckSF,MSSubClass,55.0
RemodAge,MSSubClass,55.0
PoolQC,MSSubClass,55.0
GarageArea,MSSubClass,55.0
GarageCond,MSSubClass,55.0
Age,MSSubClass,55.0
ExterQual_ord,MSSubClass,55.0
FireplaceQu,MSSubClass,55.0
GarageQual_ord,MSSubClass,55.0
GarageType,MSSubClass,55.0
SaleCondition,MSSubClass,55.0
TotalSF,MSSubClass,55.0
BsmtQual_ord,MSSubClass,55.0
FireplaceQu,MSSubClass,54.0
GarageCars,MSSubClass,54.0
GrLivArea_to_TotalSF,MSSubClass,54.0
GarageYrBlt,MSSubClass,54.0
TotalSF,MSSubClass,54.0
MoSold,MSSubClass,54.0
YrSold,MSSubClass,54.0
Age,MSSubClass,54.0
GarageArea,MSSubClass,54.0
GarageQual,MSSubClass,54.0
RemodAge,MSSubClass,54.0
PoolQC,MSSubClass,54.0
ScreenPorch,MSSubClass,54.0
PavedDrive,MSSubClass,54.0
KitchenQual_ord,MSSubClass,54.0
SaleType,MSSubClass,54.0
Fence,MSSubClass,54.0
WoodDeckSF,MSSubClass,54.0
GarageFinish,MSSubClass,54.0
MiscVal,MSSubClass,54.0
SaleCondition,MSSubClass,54.0
BathsPerRoom,MSSubClass,54.0
GarageCond_ord,MSSubClass,54.0
EnclosedPorch,MSSubClass,54.0
FireplaceQu_ord,MSSubClass,54.0
MiscFeature,MSSubClass,54.0
OpenPorchSF,MSSubClass,54.0
3SsnPorch,MSSubClass,54.0
GarageType,MSSubClass,54.0
PoolArea,MSSubClass,54.0
SaleCondition,MSSubClass,53.0
RemodAge,MSSubClass,53.0
GarageCars,MSSubClass,53.0
GarageYrBlt,MSSubClass,53.0
EnclosedPorch,MSSubClass,53.0
PoolArea,MSSubClass,53.0
Age,MSSubClass,53.0
GrLivArea_to_TotalSF,MSSubClass,53.0
Fireplaces,MSSubClass,53.0
OpenPorchSF,MSSubClass,53.0
Functional,MSSubClass,53.0
MoSold,MSSubClass,53.0
GarageArea,MSSubClass,53.0
WoodDeckSF,MSSubClass,53.0
ScreenPorch,MSSubClass,53.0
GarageFinish,MSSubClass,53.0
PoolQC,MSSubClass,53.0
PavedDrive,MSSubClass,53.0
TotalSF,MSSubClass,53.0
GarageYrBlt,MSSubClass,52.0
Age,MSSubClass,52.0
GarageArea,MSSubClass,52.0
FireplaceQu,MSSubClass,52.0
Fireplaces,MSSubClass,52.0
GarageType,MSSubClass,52.0
OpenPorchSF,MSSubClass,52.0
TotalSF,MSSubClass,52.0
BathsPerRoom,MSSubClass,52.0
RemodAge,MSSubClass,52.0
KitchenQual_ord,MSSubClass,52.0
ScreenPorch,MSSubClass,52.0
MiscFeature,MSSubClass,52.0
MiscVal,MSSubClass,52.0
MoSold,MSSubClass,52.0
GarageQual_ord,MSSubClass,52.0
PavedDrive,MSSubClass,52.0
ExterQual_ord,MSSubClass,52.0
GrLivArea_to_TotalSF,MSSubClass,52.0
SaleCondition,MSSubClass,52.0
GarageCond_ord,MSSubClass,52.0
TotRmsAbvGrd,MSSubClass,52.0
FireplaceQu_ord,MSSubClass,52.0
GarageFinish,MSSubClass,52.0
WoodDeckSF,MSSubClass,52.0
Functional,MSSubClass,52.0
MoSold,MSSubClass,51.0
GarageArea,MSSubClass,51.0
OpenPorchSF,MSSubClass,51.0
GarageQual,MSSubClass,51.0
RemodAge,MSSubClass,51.0
GarageCond,MSSubClass,51.0
Fence,MSSubClass,51.0
KitchenQual,MSSubClass,50.0
TotalSF,MSSubClass,50.0
FireplaceQu,MSSubClass,50.0
BathsPerRoom,MSSubClass,50.0
BsmtQual_ord,MSSubClass,50.0
MoSold,MSSubClass,50.0
RemodAge,MSSubClass,50.0
Functional,MSSubClass,50.0
GarageCars,MSSubClass,50.0
KitchenQual_ord,MSSubClass,50.0
ScreenPorch,MSSubClass,50.0
GarageType,MSSubClass,50.0
KitchenQual,MSSubClass,49.0
OpenPorchSF,MSSubClass,49.0
FireplaceQu_ord,MSSubClass,49.0
ExterCond_ord,MSSubClass,49.0
ScreenPorch,MSSubClass,49.0
SaleCondition,MSSubClass,49.0
BsmtQual_ord,MSSubClass,49.0
GrLivArea_to_TotalSF,MSSubClass,49.0
GarageQual_ord,MSSubClass,49.0
WoodDeckSF,MSSubClass,49.0
GarageArea,MSSubClass,49.0
KitchenQual_ord,MSSubClass,49.0
MoSold,MSSubClass,49.0
GarageFinish,MSSubClass,49.0
Age,MSSubClass,49.0
GarageCars,MSSubClass,49.0
MiscFeature,MSSubClass,49.0
FireplaceQu,MSSubClass,49.0
TotalSF,MSSubClass,49.0
GarageCond,MSSubClass,49.0
SaleCondition,MSSubClass,48.0
RemodAge,MSSubClass,48.0
Functional,MSSubClass,48.0
3SsnPorch,MSSubClass,48.0
GarageCars,MSSubClass,48.0
MoSold,MSSubClass,48.0
BathsPerRoom,MSSubClass,48.0
TotalSF,MSSubClass,48.0
ExterQual_ord,MSSubClass,48.0
Age,MSSubClass,48.0
MiscVal,MSSubClass,48.0
GarageQual,MSSubClass,48.0
GarageYrBlt,MSSubClass,48.0
GarageArea,MSSubClass,48.0
GarageType,MSSubClass,48.0
WoodDeckSF,MSSubClass,48.0
SaleType,MSSubClass,48.0
FireplaceQu,MSSubClass,48.0
KitchenQual,MSSubClass,48.0
FireplaceQu_ord,MSSubClass,48.0
PavedDrive,MSSubClass,48.0
KitchenQual,MSSubClass,47.0
ExterQual_ord,MSSubClass,47.0
Age,MSSubClass,47.0
Functional,MSSubClass,47.0
GarageYrBlt,MSSubClass,47.0
SaleCondition,MSSubClass,47.0
Functional,MSSubClass,46.0
PoolQC,MSSubClass,46.0
RemodAge,MSSubClass,46.0
EnclosedPorch,MSSubClass,46.0
Fireplaces,MSSubClass,46.0
FireplaceQu,MSSubClass,46.0
KitchenQual_ord,MSSubClass,46.0
FireplaceQu_ord,MSSubClass,46.0
PavedDrive,MSSubClass,46.0
KitchenQual,MSSubClass,46.0
BedroomAbvGr,MSSubClass,46.0
Age,MSSubClass,46.0
OpenPorchSF,MSSubClass,46.0
ScreenPorch,MSSubClass,46.0
GarageCars,MSSubClass,46.0
FullBath,MSSubClass,46.0
TotalSF,MSSubClass,46.0
WoodDeckSF,MSSubClass,46.0
GarageYrBlt,MSSubClass,46.0
GarageFinish,MSSubClass,46.0
PoolArea,MSSubClass,46.0
MoSold,MSSubClass,46.0
SaleCondition,MSSubClass,46.0
GarageArea,MSSubClass,46.0
GarageType,MSSubClass,46.0
Fence,MSSubClass,45.0
ScreenPorch,MSSubClass,45.0
BathsPerRoom,MSSubClass,45.0
SaleCondition,MSSubClass,45.0
BsmtHalfBath,MSSubClass,45.0
GarageCars,MSSubClass,45.0
PoolArea,MSSubClass,45.0
GarageType,MSSubClass,45.0
TotalSF,MSSubClass,45.0
GarageYrBlt,MSSubClass,45.0
RemodAge,MSSubClass,45.0
EnclosedPorch,MSSubClass,45.0
SaleType,MSSubClass,45.0
BsmtFullBath,MSSubClass,45.0
GarageQual,MSSubClass,45.0
Age,MSSubClass,45.0
TotRmsAbvGrd,MSSubClass,45.0
3SsnPorch,MSSubClass,45.0
Fireplaces,MSSubClass,45.0
BsmtQual_ord,MSSubClass,45.0
Functional,MSSubClass,45.0
ExterQual_ord,MSSubClass,45.0
FireplaceQu,MSSubClass,45.0
FullBath,MSSubClass,45.0
MiscFeature,MSSubClass,45.0
BedroomAbvGr,MSSubClass,45.0
MiscVal,MSSubClass,45.0
GarageQual_ord,MSSubClass,45.0
GarageFinish,MSSubClass,45.0
WoodDeckSF,MSSubClass,45.0
GarageArea,MSSubClass,45.0
GrLivArea_to_TotalSF,MSSubClass,45.0
GarageCond,MSSubClass,45.0
OpenPorchSF,MSSubClass,45.0
PavedDrive,MSSubClass,45.0
PoolQC,MSSubClass,45.0
MoSold,MSSubClass,45.0
KitchenQual,MSSubClass,45.0
ExterCond_ord,MSSubClass,45.0
FireplaceQu_ord,MSSubClass,45.0
KitchenQual_ord,MSSubClass,45.0
GarageCars,MSSubClass,44.0
FireplaceQu,MSSubClass,44.0
Age,MSSubClass,44.0
Functional,MSSubClass,44.0
GarageType,MSSubClass,44.0
PoolQC,MSSubClass,44.0
RemodAge,MSSubClass,44.0
PoolArea,MSSubClass,44.0
GarageArea,MSSubClass,44.0
SaleCondition,MSSubClass,44.0
FullBath,MSSubClass,44.0
GrLivArea_to_TotalSF,MSSubClass,43.0
GarageFinish,MSSubClass,43.0
HalfBath,MSSubClass,43.0
MoSold,MSSubClass,43.0
KitchenQual,MSSubClass,43.0
BsmtFullBath,MSSubClass,43.0
GarageType,MSSubClass,43.0
BsmtQual_ord,MSSubClass,43.0
WoodDeckSF,MSSubClass,43.0
PoolArea,MSSubClass,43.0
BsmtHalfBath,MSSubClass,43.0
GarageArea,MSSubClass,43.0
RemodAge,MSSubClass,43.0
GarageCond,MSSubClass,43.0
FireplaceQu,MSSubClass,43.0
Functional,MSSubClass,43.0
SaleCondition,MSSubClass,43.0
Fence,MSSubClass,43.0
ScreenPorch,MSSubClass,43.0
FireplaceQu_ord,MSSubClass,43.0
KitchenQual_ord,MSSubClass,43.0
TotalSF,MSSubClass,43.0
MiscVal,MSSubClass,43.0
GrLivArea,MSSubClass,43.0
GarageYrBlt,MSSubClass,43.0
OpenPorchSF,MSSubClass,43.0
LowQualFinSF,MSSubClass,43.0
PavedDrive,MSSubClass,43.0
Age,MSSubClass,43.0
GarageCars,MSSubClass,43.0
BedroomAbvGr,MSSubClass,43.0
GarageCond,MSSubClass,42.0
GarageFinish,MSSubClass,42.0
OpenPorchSF,MSSubClass,42.0
2ndFlrSF,MSSubClass,42.0
ExterQual_ord,MSSubClass,42.0
BsmtHalfBath,MSSubClass,42.0
FireplaceQu_ord,MSSubClass,42.0
GarageCond_ord,MSSubClass,42.0
ScreenPorch,MSSubClass,42.0
GarageYrBlt,MSSubClass,42.0
Functional,MSSubClass,42.0
SaleCondition,MSSubClass,42.0
GrLivArea,MSSubClass,42.0
FireplaceQu,MSSubClass,42.0
FullBath,MSSubClass,42.0
TotalSF,MSSubClass,42.0
PoolQC,MSSubClass,42.0
SaleType,MSSubClass,42.0
GrLivArea_to_TotalSF,MSSubClass,42.0
YrSold,MSSubClass,42.0
Fence,MSSubClass,42.0
Fireplaces,MSSubClass,42.0
Age,MSSubClass,42.0
WoodDeckSF,MSSubClass,42.0
MiscFeature,MSSubClass,42.0
BsmtFullBath,MSSubClass,42.0
KitchenQual,MSSubClass,42.0
TotRmsAbvGrd,MSSubClass,42.0
EnclosedPorch,MSSubClass,42.0
GarageQual,MSSubClass,42.0
PoolArea,MSSubClass,42.0
PavedDrive,MSSubClass,42.0
GarageType,MSSubClass,42.0
HalfBath,MSSubClass,42.0
MoSold,MSSubClass,42.0
GarageArea,MSSubClass,42.0
GarageQual_ord,MSSubClass,42.0
BathsPerRoom,MSSubClass,42.0
KitchenQual_ord,MSSubClass,42.0
RemodAge,MSSubClass,42.0
BedroomAbvGr,MSSubClass,42.0
BsmtQual_ord,MSSubClass,41.0
SaleCondition,MSSubClass,41.0
GarageType,MSSubClass,41.0
GarageQual_ord,MSSubClass,41.0
1stFlrSF,MSSubClass,41.0
MoSold,MSSubClass,41.0
SaleType,MSSubClass,41.0
BathsPerRoom,MSSubClass,41.0
TotalSF,MSSubClass,41.0
PoolArea,MSSubClass,41.0
KitchenQual,MSSubClass,41.0
GrLivArea,MSSubClass,41.0
GrLivArea_to_TotalSF,MSSubClass,41.0
GarageCars,MSSubClass,41.0
GarageYrBlt,MSSubClass,41.0
RemodAge,MSSubClass,41.0
BsmtFullBath,MSSubClass,41.0
FireplaceQu,MSSubClass,41.0
OpenPorchSF,MSSubClass,41.0
GarageFinish,MSSubClass,41.0
Fence,MSSubClass,41.0
BedroomAbvGr,MSSubClass,41.0
BsmtCond_ord,MSSubClass,41.0
WoodDeckSF,MSSubClass,41.0
MiscFeature,MSSubClass,41.0
PavedDrive,MSSubClass,41.0
EnclosedPorch,MSSubClass,41.0
Functional,MSSubClass,41.0
ScreenPorch,MSSubClass,41.0
3SsnPorch,MSSubClass,41.0
Fence,MSSubClass,39.0
GarageArea,MSSubClass,39.0
EnclosedPorch,MSSubClass,39.0
GrLivArea,MSSubClass,39.0
BsmtQual_ord,MSSubClass,39.0
YrSold,MSSubClass,39.0
FireplaceQu_ord,MSSubClass,39.0
SaleCondition,MSSubClass,39.0
FireplaceQu,MSSubClass,39.0
ScreenPorch,MSSubClass,39.0
GarageCars,MSSubClass,39.0
ExterQual_ord,MSSubClass,39.0
RemodAge,MSSubClass,39.0
SaleType,MSSubClass,39.0
TotalSF,MSSubClass,39.0
OpenPorchSF,MSSubClass,39.0
FullBath,MSSubClass,39.0
MiscFeature,MSSubClass,39.0
3SsnPorch,MSSubClass,39.0
PavedDrive,MSSubClass,39.0
TotRmsAbvGrd,MSSubClass,39.0
GarageCond,MSSubClass,39.0
BathsPerRoom,MSSubClass,39.0
1stFlrSF,MSSubClass,39.0
MoSold,MSSubClass,39.0
Fireplaces,MSSubClass,39.0
GarageType,MSSubClass,39.0
GarageQual_ord,MSSubClass,39.0
GarageYrBlt,MSSubClass,39.0
PoolQC,MSSubClass,39.0
Functional,MSSubClass,39.0
2ndFlrSF,MSSubClass,39.0
Electrical,MSSubClass,39.0
GarageQual,MSSubClass,39.0
GarageFinish,MSSubClass,39.0
WoodDeckSF,MSSubClass,39.0
Electrical,MSSubClass,38.0
GrLivArea_to_TotalSF,MSSubClass,38.0
GarageType,MSSubClass,38.0
RemodAge,MSSubClass,38.0
Age,MSSubClass,38.0
Functional,MSSubClass,38.0
1stFlrSF,MSSubClass,38.0
OpenPorchSF,MSSubClass,38.0
GarageFinish,MSSubClass,38.0
GarageArea,MSSubClass,38.0
2ndFlrSF,MSSubClass,38.0
TotalSF,MSSubClass,38.0
3SsnPorch,MSSubClass,38.0
SaleCondition,MSSubClass,38.0
GrLivArea,MSSubClass,38.0
PoolArea,MSSubClass,38.0
BathsPerRoom,MSSubClass,38.0
Fence,MSSubClass,38.0
FireplaceQu,MSSubClass,38.0
GarageQual,MSSubClass,38.0
BsmtFullBath,MSSubClass,38.0
PavedDrive,MSSubClass,38.0
WoodDeckSF,MSSubClass,38.0
PoolQC,MSSubClass,37.0
BathsPerRoom,MSSubClass,37.0
GarageQual,MSSubClass,37.0
GarageYrBlt,MSSubClass,37.0
Age,MSSubClass,37.0
GrLivArea_to_TotalSF,MSSubClass,37.0
ScreenPorch,MSSubClass,37.0
RemodAge,MSSubClass,37.0
ExterCond_ord,MSSubClass,37.0
Heating,MSSubClass,37.0
FireplaceQu_ord,MSSubClass,37.0
GarageArea,MSSubClass,37.0
FireplaceQu,MSSubClass,37.0
TotalSF,MSSubClass,37.0
KitchenQual,MSSubClass,37.0
GarageCond_ord,MSSubClass,37.0
BsmtHalfBath,MSSubClass,37.0
Functional,MSSubClass,37.0
Fireplaces,MSSubClass,37.0
TotRmsAbvGrd,MSSubClass,37.0
WoodDeckSF,MSSubClass,37.0
MoSold,MSSubClass,37.0
GarageCars,MSSubClass,37.0
ExterQual_ord,MSSubClass,37.0
MiscFeature,MSSubClass,37.0
2ndFlrSF,MSSubClass,37.0
SaleCondition,MSSubClass,37.0
FullBath,MSSubClass,37.0
BsmtQual_ord,MSSubClass,37.0
Fence,MSSubClass,37.0
GrLivArea,MSSubClass,37.0
GarageCond,MSSubClass,37.0
BsmtFullBath,MSSubClass,37.0
HalfBath,MSSubClass,37.0
1stFlrSF,MSSubClass,37.0
PoolArea,MSSubClass,37.0
EnclosedPorch,MSSubClass,37.0
GarageType,MSSubClass,37.0
HeatingQC,MSSubClass,37.0
GarageFinish,MSSubClass,37.0
OpenPorchSF,MSSubClass,37.0
Electrical,MSSubClass,37.0
HeatingQC,MSSubClass,36.0
KitchenAbvGr,MSSubClass,36.0
EnclosedPorch,MSSubClass,36.0
RemodAge,MSSubClass,36.0
TotalBsmtSF,MSSubClass,36.0
TotalSF,MSSubClass,36.0
GarageArea,MSSubClass,36.0
GrLivArea,MSSubClass,36.0
GarageType,MSSubClass,36.0
Fence,MSSubClass,36.0
GrLivArea_to_TotalSF,MSSubClass,36.0
BsmtFullBath,MSSubClass,36.0
GarageFinish,MSSubClass,36.0
2ndFlrSF,MSSubClass,36.0
FullBath,MSSubClass,36.0
GarageYrBlt,MSSubClass,36.0
Functional,MSSubClass,36.0
BathsPerRoom,MSSubClass,36.0
MiscFeature,MSSubClass,36.0
FireplaceQu,MSSubClass,36.0
WoodDeckSF,MSSubClass,36.0
BedroomAbvGr,MSSubClass,36.0
Age,MSSubClass,36.0
HalfBath,MSSubClass,36.0
MoSold,MSSubClass,36.0
YrSold,MSSubClass,36.0
OpenPorchSF,MSSubClass,36.0
Fireplaces,MSSubClass,36.0
Heating,MSSubClass,36.0
SaleType,MSSubClass,36.0
GarageCond,MSSubClass,36.0
1stFlrSF,MSSubClass,36.0
SaleCondition,MSSubClass,36.0
3SsnPorch,MSSubClass,36.0
GarageQual,MSSubClass,36.0
FireplaceQu_ord,MSSubClass,36.0
TotRmsAbvGrd,MSSubClass,36.0
KitchenQual,MSSubClass,36.0
Electrical,MSSubClass,36.0
GarageCars,MSSubClass,36.0
ScreenPorch,MSSubClass,36.0
KitchenQual_ord,MSSubClass,36.0
GarageArea,MSSubClass,35.0
OpenPorchSF,MSSubClass,35.0
PoolArea,MSSubClass,35.0
BathsPerRoom,MSSubClass,35.0
BsmtQual_ord,MSSubClass,35.0
GrLivArea_to_TotalSF,MSSubClass,35.0
ScreenPorch,MSSubClass,35.0
TotalBsmtSF,MSSubClass,35.0
GarageCars,MSSubClass,35.0
2ndFlrSF,MSSubClass,35.0
MoSold,MSSubClass,35.0
Functional,MSSubClass,35.0
EnclosedPorch,MSSubClass,35.0
TotalSF,MSSubClass,35.0
GrLivArea,MSSubClass,34.0
OpenPorchSF,MSSubClass,34.0
ScreenPorch,MSSubClass,34.0
FireplaceQu_ord,MSSubClass,34.0
RemodAge,MSSubClass,34.0
GarageYrBlt,MSSubClass,34.0
PoolArea,MSSubClass,34.0
GarageCars,MSSubClass,34.0
WoodDeckSF,MSSubClass,34.0
BathsPerRoom,MSSubClass,34.0
MiscVal,MSSubClass,34.0
GarageCond_ord,MSSubClass,34.0
Functional,MSSubClass,34.0
BsmtFinSF2,MSSubClass,34.0
TotalSF,MSSubClass,34.0
BsmtFullBath,MSSubClass,34.0
KitchenQual_ord,MSSubClass,34.0
HeatingQC,MSSubClass,34.0
GarageType,MSSubClass,34.0
PoolQC,MSSubClass,34.0
BsmtUnfSF,MSSubClass,34.0
BedroomAbvGr,MSSubClass,34.0
MoSold,MSSubClass,34.0
1stFlrSF,MSSubClass,34.0
Electrical,MSSubClass,34.0
LowQualFinSF,MSSubClass,34.0
GarageQual,MSSubClass,34.0
SaleCondition,MSSubClass,34.0
TotRmsAbvGrd,MSSubClass,34.0
GarageArea,MSSubClass,34.0
KitchenQual,MSSubClass,34.0
FireplaceQu,MSSubClass,34.0
Heating,MSSubClass,34.0
Fence,MSSubClass,34.0
3SsnPorch,MSSubClass,34.0
PavedDrive,MSSubClass,34.0
FullBath,MSSubClass,34.0
GrLivArea_to_TotalSF,MSSubClass,34.0
TotalBsmtSF,MSSubClass,34.0
2ndFlrSF,MSSubClass,34.0
GrLivArea,MSSubClass,33.0
Fence,MSSubClass,33.0
GarageQual,MSSubClass,33.0
BsmtFullBath,MSSubClass,33.0
BedroomAbvGr,MSSubClass,33.0
BsmtFinType2,MSSubClass,33.0
GrLivArea_to_TotalSF,MSSubClass,33.0
FullBath,MSSubClass,33.0
GarageYrBlt,MSSubClass,33.0
BsmtQual_ord,MSSubClass,33.0
FireplaceQu,MSSubClass,33.0
SaleCondition,MSSubClass,33.0
TotalSF,MSSubClass,33.0
GarageCars,MSSubClass,33.0
MiscVal,MSSubClass,33.0
PavedDrive,MSSubClass,33.0
Fireplaces,MSSubClass,33.0
SaleType,MSSubClass,33.0
RemodAge,MSSubClass,33.0
GarageCond,MSSubClass,33.0
GarageType,MSSubClass,33.0
BathsPerRoom,MSSubClass,33.0
PoolArea,MSSubClass,33.0
KitchenAbvGr,MSSubClass,33.0
OpenPorchSF,MSSubClass,33.0
MoSold,MSSubClass,33.0
Electrical,MSSubClass,33.0
HeatingQC,MSSubClass,33.0
TotalBsmtSF,MSSubClass,33.0
GarageQual_ord,MSSubClass,33.0
GarageCond_ord,MSSubClass,33.0
GarageFinish,MSSubClass,33.0
Age,MSSubClass,33.0
Heating,MSSubClass,33.0
1stFlrSF,MSSubClass,33.0
Functional,MSSubClass,33.0
2ndFlrSF,MSSubClass,33.0
EnclosedPorch,MSSubClass,33.0
GarageArea,MSSubClass,33.0
BsmtUnfSF,MSSubClass,33.0
PoolQC,MSSubClass,33.0
KitchenQual,MSSubClass,33.0
TotalSF,MSSubClass,32.0
GrLivArea_to_TotalSF,MSSubClass,32.0
PoolArea,MSSubClass,32.0
GarageFinish,MSSubClass,32.0
BsmtFinSF2,MSSubClass,32.0
BsmtUnfSF,MSSubClass,32.0
FireplaceQu,MSSubClass,32.0
Functional,MSSubClass,32.0
TotalBsmtSF,MSSubClass,32.0
WoodDeckSF,MSSubClass,32.0
BathsPerRoom,MSSubClass,32.0
GarageArea,MSSubClass,32.0
MiscFeature,MSSubClass,32.0
GarageType,MSSubClass,32.0
PoolQC,MSSubClass,32.0
KitchenQual,MSSubClass,32.0
RemodAge,MSSubClass,32.0
MoSold,MSSubClass,32.0
BsmtFullBath,MSSubClass,32.0
ExterQual_ord,MSSubClass,32.0
Fireplaces,MSSubClass,32.0
2ndFlrSF,MSSubClass,32.0
3SsnPorch,MSSubClass,32.0
LowQualFinSF,MSSubClass,32.0
HalfBath,MSSubClass,32.0
SaleCondition,MSSubClass,32.0
Electrical,MSSubClass,32.0
GarageYrBlt,MSSubClass,32.0
GrLivArea,MSSubClass,32.0
FireplaceQu_ord,MSSubClass,32.0
Heating,MSSubClass,32.0
GarageCars,MSSubClass,32.0
BsmtFinSF1,MSSubClass,32.0
TotRmsAbvGrd,MSSubClass,32.0
Fence,MSSubClass,32.0
HeatingQC,MSSubClass,32.0
PavedDrive,MSSubClass,32.0
ScreenPorch,MSSubClass,32.0
GarageQual_ord,MSSubClass,32.0
BsmtHalfBath,MSSubClass,32.0
1stFlrSF,MSSubClass,32.0
OpenPorchSF,MSSubClass,32.0
Age,MSSubClass,32.0
BsmtFinType2,MSSubClass,32.0
BsmtFullBath,MSSubClass,31.0
BsmtQual_ord,MSSubClass,31.0
OpenPorchSF,MSSubClass,31.0
GarageCond,MSSubClass,31.0
PavedDrive,MSSubClass,31.0
GarageType,MSSubClass,31.0
EnclosedPorch,MSSubClass,31.0
TotRmsAbvGrd,MSSubClass,31.0
Electrical,MSSubClass,31.0
GarageYrBlt,MSSubClass,31.0
PoolQC,MSSubClass,31.0
MoSold,MSSubClass,31.0
RemodAge,MSSubClass,31.0
2ndFlrSF,MSSubClass,31.0
WoodDeckSF,MSSubClass,31.0
PoolArea,MSSubClass,31.0
BedroomAbvGr,MSSubClass,31.0
TotalBsmtSF,MSSubClass,31.0
BsmtFinType2,MSSubClass,31.0
GarageFinish,MSSubClass,31.0
TotalSF,MSSubClass,31.0
KitchenQual_ord,MSSubClass,31.0
SaleType,MSSubClass,31.0
FullBath,MSSubClass,31.0
KitchenQual,MSSubClass,31.0
ExterQual_ord,MSSubClass,31.0
GarageQual_ord,MSSubClass,31.0
HeatingQC,MSSubClass,31.0
Age,MSSubClass,31.0
SaleCondition,MSSubClass,31.0
BsmtUnfSF,MSSubClass,31.0
1stFlrSF,MSSubClass,31.0
FireplaceQu,MSSubClass,31.0
BathsPerRoom,MSSubClass,31.0
Functional,MSSubClass,31.0
BsmtFinSF1,MSSubClass,31.0
GarageQual,MSSubClass,31.0
GarageCars,MSSubClass,31.0
GarageArea,MSSubClass,31.0
HalfBath,MSSubClass,31.0
GrLivArea,MSSubClass,31.0
Fireplaces,MSSubClass,31.0
ScreenPorch,MSSubClass,31.0
Fence,MSSubClass,31.0
BsmtFinSF2,MSSubClass,31.0
FireplaceQu_ord,MSSubClass,30.0
BsmtFinType2,MSSubClass,30.0
BsmtFullBath,MSSubClass,30.0
2ndFlrSF,MSSubClass,30.0
BsmtUnfSF,MSSubClass,30.0
FullBath,MSSubClass,30.0
TotalBsmtSF,MSSubClass,30.0
RemodAge,MSSubClass,30.0
BsmtFinType1,MSSubClass,30.0
GrLivArea_to_TotalSF,MSSubClass,30.0
BsmtQual_ord,MSSubClass,30.0
MoSold,MSSubClass,30.0
KitchenQual,MSSubClass,30.0
Age,MSSubClass,30.0
SaleCondition,MSSubClass,30.0
MiscFeature,MSSubClass,30.0
HeatingQC,MSSubClass,30.0
PavedDrive,MSSubClass,30.0
EnclosedPorch,MSSubClass,30.0
FireplaceQu,MSSubClass,30.0
Fence,MSSubClass,30.0
ScreenPorch,MSSubClass,30.0
WoodDeckSF,MSSubClass,30.0
TotalSF,MSSubClass,30.0
GarageFinish,MSSubClass,30.0
1stFlrSF,MSSubClass,30.0
HeatingQC_ord,MSSubClass,30.0
GrLivArea,MSSubClass,30.0
ExterQual_ord,MSSubClass,30.0
PoolQC,MSSubClass,30.0
SaleType,MSSubClass,30.0
GarageArea,MSSubClass,30.0
BsmtFinSF1,MSSubClass,30.0
Functional,MSSubClass,30.0
GarageType,MSSubClass,30.0
SaleType,MSSubClass,29.0
BsmtUnfSF,MSSubClass,29.0
LowQualFinSF,MSSubClass,29.0
GarageQual,MSSubClass,29.0
BsmtCond,MSSubClass,29.0
RemodAge,MSSubClass,29.0
PoolQC,MSSubClass,29.0
BathsPerRoom,MSSubClass,29.0
GarageArea,MSSubClass,29.0
MiscVal,MSSubClass,29.0
TotalSF,MSSubClass,29.0
ScreenPorch,MSSubClass,29.0
MiscFeature,MSSubClass,29.0
2ndFlrSF,MSSubClass,29.0
TotRmsAbvGrd,MSSubClass,29.0
Age,MSSubClass,29.0
SaleCondition,MSSubClass,29.0
ExterQual_ord,MSSubClass,29.0
GarageQual_ord,MSSubClass,29.0
GarageYrBlt,MSSubClass,29.0
KitchenQual,MSSubClass,29.0
TotalBsmtSF,MSSubClass,29.0
HeatingQC,MSSubClass,29.0
WoodDeckSF,MSSubClass,29.0
MoSold,MSSubClass,29.0
Fireplaces,MSSubClass,29.0
GrLivArea,MSSubClass,29.0
GrLivArea_to_TotalSF,MSSubClass,29.0
BsmtFinSF1,MSSubClass,29.0
FullBath,MSSubClass,29.0
BsmtFinType2,MSSubClass,29.0
BsmtExposure,MSSubClass,29.0
FireplaceQu,MSSubClass,29.0
Functional,MSSubClass,29.0
BsmtFinType1,MSSubClass,29.0
OpenPorchSF,MSSubClass,29.0
1stFlrSF,MSSubClass,29.0
MiscVal,MSSubClass,28.0
ScreenPorch,MSSubClass,28.0
GrLivArea_to_TotalSF,MSSubClass,28.0
GarageFinish,MSSubClass,28.0
KitchenQual_ord,MSSubClass,28.0
ExterCond_ord,MSSubClass,28.0
BsmtFinType2,MSSubClass,28.0
YrSold,MSSubClass,28.0
SaleCondition,MSSubClass,28.0
Age,MSSubClass,28.0
BsmtFinSF1,MSSubClass,28.0
GrLivArea,MSSubClass,28.0
BathsPerRoom,MSSubClass,28.0
FireplaceQu_ord,MSSubClass,28.0
FireplaceQu,MSSubClass,28.0
GarageYrBlt,MSSubClass,28.0
OpenPorchSF,MSSubClass,28.0
TotalSF,MSSubClass,28.0
HalfBath,MSSubClass,28.0
TotalBsmtSF,MSSubClass,28.0
KitchenQual,MSSubClass,28.0
FullBath,MSSubClass,28.0
BsmtFinType1,MSSubClass,28.0
GarageArea,MSSubClass,28.0
GarageCars,MSSubClass,28.0
PoolArea,MSSubClass,28.0
Fireplaces,MSSubClass,28.0
WoodDeckSF,MSSubClass,28.0
BsmtQual,MSSubClass,28.0
Functional,MSSubClass,28.0
Heating,MSSubClass,28.0
GarageType,MSSubClass,28.0
MoSold,MSSubClass,28.0
PavedDrive,MSSubClass,28.0
RemodAge,MSSubClass,28.0
BsmtUnfSF,MSSubClass,28.0
BsmtExposure,MSSubClass,28.0
KitchenQual,MSSubClass,27.0
BsmtFullBath,MSSubClass,27.0
1stFlrSF,MSSubClass,27.0
MoSold,MSSubClass,27.0
BsmtExposure,MSSubClass,27.0
GarageCars,MSSubClass,27.0
KitchenAbvGr,MSSubClass,27.0
PoolQC,MSSubClass,27.0
GrLivArea_to_TotalSF,MSSubClass,27.0
GarageFinish,MSSubClass,27.0
WoodDeckSF,MSSubClass,27.0
ScreenPorch,MSSubClass,27.0
PoolArea,MSSubClass,27.0
Functional,MSSubClass,27.0
Fireplaces,MSSubClass,27.0
TotalSF,MSSubClass,27.0
BathsPerRoom,MSSubClass,27.0
3SsnPorch,MSSubClass,27.0
SaleCondition,MSSubClass,27.0
ExterCond_ord,MSSubClass,27.0
Electrical,MSSubClass,27.0
GarageQual,MSSubClass,27.0
OpenPorchSF,MSSubClass,27.0
GarageYrBlt,MSSubClass,27.0
RemodAge,MSSubClass,27.0
BsmtFinSF1,MSSubClass,27.0
Fence,MSSubClass,27.0
EnclosedPorch,MSSubClass,27.0
FireplaceQu,MSSubClass,27.0
BsmtFinType1,MSSubClass,27.0
MiscFeature,MSSubClass,27.0
BsmtUnfSF,MSSubClass,27.0
FireplaceQu_ord,MSSubClass,27.0
FullBath,MSSubClass,27.0
BsmtFinType2,MSSubClass,27.0
TotRmsAbvGrd,MSSubClass,27.0
BsmtHalfBath,MSSubClass,27.0
GarageQual_ord,MSSubClass,27.0
GarageType,MSSubClass,27.0
Age,MSSubClass,27.0
GrLivArea,MSSubClass,27.0
GarageArea,MSSubClass,27.0
Heating,MSSubClass,27.0
YrSold,MSSubClass,27.0
3SsnPorch,MSSubClass,26.0
GarageFinish,MSSubClass,26.0
GrLivArea,MSSubClass,26.0
Age,MSSubClass,26.0
FullBath,MSSubClass,26.0
GarageCond,MSSubClass,26.0
BsmtExposure,MSSubClass,26.0
MoSold,MSSubClass,26.0
GarageType,MSSubClass,26.0
Heating,MSSubClass,26.0
HalfBath,MSSubClass,26.0
FireplaceQu,MSSubClass,26.0
Fireplaces,MSSubClass,26.0
OpenPorchSF,MSSubClass,26.0
SaleCondition,MSSubClass,26.0
ExterCond,MSSubClass,26.0
2ndFlrSF,MSSubClass,26.0
GarageArea,MSSubClass,26.0
Foundation,MSSubClass,26.0
ScreenPorch,MSSubClass,26.0
PoolQC,MSSubClass,26.0
KitchenQual_ord,MSSubClass,26.0
Functional,MSSubClass,26.0
HeatingQC_ord,MSSubClass,26.0
EnclosedPorch,MSSubClass,26.0
1stFlrSF,MSSubClass,26.0
HeatingQC,MSSubClass,26.0
BsmtFinType1,MSSubClass,26.0
RemodAge,MSSubClass,26.0
TotalSF,MSSubClass,26.0
GarageYrBlt,MSSubClass,26.0
GrLivArea_to_TotalSF,MSSubClass,26.0
BsmtFinType2,MSSubClass,26.0
BsmtCond,MSSubClass,26.0
TotalBsmtSF,MSSubClass,26.0
BsmtUnfSF,MSSubClass,26.0
WoodDeckSF,MSSubClass,26.0
Fence,MSSubClass,26.0
YrSold,MSSubClass,26.0
PavedDrive,MSSubClass,26.0
BsmtFinSF1,MSSubClass,26.0
GarageCars,MSSubClass,26.0
KitchenQual,MSSubClass,26.0
ScreenPorch,MSSubClass,25.0
Functional,MSSubClass,25.0
BsmtQual_ord,MSSubClass,25.0
HalfBath,MSSubClass,25.0
SaleType,MSSubClass,25.0
YrSold,MSSubClass,25.0
BsmtUnfSF,MSSubClass,25.0
MoSold,MSSubClass,25.0
BsmtHalfBath,MSSubClass,25.0
TotalBsmtSF,MSSubClass,25.0
BsmtFullBath,MSSubClass,25.0
BsmtCond,MSSubClass,25.0
GrLivArea,MSSubClass,25.0
GarageCars,MSSubClass,25.0
ExterQual,MSSubClass,25.0
Fireplaces,MSSubClass,25.0
GarageQual_ord,MSSubClass,25.0
BsmtExposure,MSSubClass,25.0
BsmtFinSF1,MSSubClass,25.0
TotalSF,MSSubClass,25.0
Electrical,MSSubClass,25.0
FireplaceQu,MSSubClass,25.0
Fence,MSSubClass,25.0
SaleCondition,MSSubClass,25.0
ExterCond,MSSubClass,25.0
Age,MSSubClass,25.0
FireplaceQu_ord,MSSubClass,25.0
OpenPorchSF,MSSubClass,25.0
BsmtFinType1,MSSubClass,25.0
GarageArea,MSSubClass,25.0
WoodDeckSF,MSSubClass,25.0
BedroomAbvGr,MSSubClass,25.0
3SsnPorch,MSSubClass,25.0
ExterQual_ord,MSSubClass,25.0
BsmtQual,MSSubClass,25.0
GrLivArea_to_TotalSF,MSSubClass,25.0
BsmtCond_ord,MSSubClass,25.0
RemodAge,MSSubClass,25.0
PoolQC,MSSubClass,25.0
1stFlrSF,MSSubClass,25.0
GarageYrBlt,MSSubClass,24.0
FireplaceQu,MSSubClass,24.0
KitchenQual,MSSubClass,24.0
GarageFinish,MSSubClass,24.0
KitchenQual_ord,MSSubClass,24.0
BsmtFullBath,MSSubClass,24.0
SaleCondition,MSSubClass,24.0
BsmtQual,MSSubClass,24.0
Heating,MSSubClass,24.0
GarageQual,MSSubClass,24.0
2ndFlrSF,MSSubClass,24.0
WoodDeckSF,MSSubClass,24.0
FireplaceQu_ord,MSSubClass,24.0
MasVnrArea,MSSubClass,24.0
GrLivArea,MSSubClass,24.0
Foundation,MSSubClass,24.0
MoSold,MSSubClass,24.0
Functional,MSSubClass,24.0
GarageArea,MSSubClass,24.0
BsmtUnfSF,MSSubClass,24.0
ExterCond_ord,MSSubClass,24.0
HeatingQC,MSSubClass,24.0
YrSold,MSSubClass,24.0
BsmtFinType2,MSSubClass,24.0
BsmtFinType1,MSSubClass,24.0
Electrical,MSSubClass,24.0
BsmtCond,MSSubClass,24.0
ExterQual,MSSubClass,24.0
FullBath,MSSubClass,24.0
TotalSF,MSSubClass,24.0
BsmtFinSF1,MSSubClass,24.0
ExterCond,MSSubClass,24.0
BsmtHalfBath,MSSubClass,24.0
GarageType,MSSubClass,24.0
BsmtQual_ord,MSSubClass,24.0
1stFlrSF,MSSubClass,24.0
BsmtExposure,MSSubClass,24.0
Age,MSSubClass,24.0
Fence,MSSubClass,24.0
GrLivArea_to_TotalSF,MSSubClass,24.0
GarageCars,MSSubClass,24.0
OpenPorchSF,MSSubClass,24.0
PavedDrive,MSSubClass,24.0
TotalBsmtSF,MSSubClass,24.0
Fence,MSSubClass,23.0
PoolQC,MSSubClass,23.0
TotalSF,MSSubClass,23.0
ScreenPorch,MSSubClass,23.0
TotalBsmtSF,MSSubClass,23.0
Electrical,MSSubClass,23.0
WoodDeckSF,MSSubClass,23.0
GarageCond,MSSubClass,23.0
BsmtFinSF2,MSSubClass,23.0
MoSold,MSSubClass,23.0
Age,MSSubClass,23.0
BsmtFinSF1,MSSubClass,23.0
1stFlrSF,MSSubClass,23.0
Functional,MSSubClass,23.0
FireplaceQu,MSSubClass,23.0
HeatingQC,MSSubClass,23.0
GarageYrBlt,MSSubClass,23.0
GarageArea,MSSubClass,23.0
GrLivArea,MSSubClass,23.0
SaleCondition,MSSubClass,23.0
MiscFeature,MSSubClass,23.0
GarageType,MSSubClass,23.0
ExterCond,MSSubClass,23.0
GarageFinish,MSSubClass,23.0
BathsPerRoom,MSSubClass,23.0
Heating,MSSubClass,23.0
PavedDrive,MSSubClass,23.0
BsmtFinType1,MSSubClass,23.0
BsmtExposure,MSSubClass,23.0
YrSold,MSSubClass,23.0
BsmtCond,MSSubClass,23.0
KitchenQual,MSSubClass,23.0
EnclosedPorch,MSSubClass,23.0
GrLivArea_to_TotalSF,MSSubClass,23.0
GarageQual,MSSubClass,23.0
ExterQual,MSSubClass,23.0
SaleType,MSSubClass,23.0
TotRmsAbvGrd,MSSubClass,23.0
BsmtFinType2,MSSubClass,23.0
BsmtCond_ord,MSSubClass,23.0
MasVnrArea,MSSubClass,23.0
HeatingQC_ord,MSSubClass,23.0
BedroomAbvGr,MSSubClass,23.0
3SsnPorch,MSSubClass,23.0
GarageCars,MSSubClass,23.0
BsmtQual,MSSubClass,23.0
RemodAge,MSSubClass,23.0
FullBath,MSSubClass,23.0
MasVnrType,MSSubClass,23.0
BsmtUnfSF,MSSubClass,23.0
OpenPorchSF,MSSubClass,23.0
Foundation,MSSubClass,23.0
EnclosedPorch,MSSubClass,22.0
GarageArea,MSSubClass,22.0
FireplaceQu_ord,MSSubClass,22.0
BsmtQual,MSSubClass,22.0
GarageType,MSSubClass,22.0
TotalBsmtSF,MSSubClass,22.0
Exterior2nd,MSSubClass,22.0
BsmtExposure,MSSubClass,22.0
OpenPorchSF,MSSubClass,22.0
Fence,MSSubClass,22.0
FireplaceQu,MSSubClass,22.0
HalfBath,MSSubClass,22.0
PavedDrive,MSSubClass,22.0
TotalSF,MSSubClass,22.0
WoodDeckSF,MSSubClass,22.0
ExterCond,MSSubClass,22.0
GarageYrBlt,MSSubClass,22.0
KitchenAbvGr,MSSubClass,22.0
HeatingQC,MSSubClass,22.0
MasVnrArea,MSSubClass,22.0
GrLivArea_to_TotalSF,MSSubClass,22.0
SaleType,MSSubClass,22.0
ScreenPorch,MSSubClass,22.0
GarageQual,MSSubClass,22.0
Electrical,MSSubClass,22.0
3SsnPorch,MSSubClass,22.0
PoolArea,MSSubClass,22.0
BsmtFinSF2,MSSubClass,22.0
Foundation,MSSubClass,22.0
BathsPerRoom,MSSubClass,22.0
BsmtCond,MSSubClass,22.0
2ndFlrSF,MSSubClass,22.0
BsmtUnfSF,MSSubClass,22.0
GarageCond,MSSubClass,22.0
MiscFeature,MSSubClass,22.0
Heating,MSSubClass,22.0
MasVnrType,MSSubClass,22.0
Functional,MSSubClass,22.0
Age,MSSubClass,22.0
GarageFinish,MSSubClass,22.0
ExterQual,MSSubClass,22.0
BsmtFullBath,MSSubClass,22.0
BsmtFinType2,MSSubClass,22.0
MoSold,MSSubClass,22.0
PoolQC,MSSubClass,22.0
KitchenQual,MSSubClass,22.0
SaleCondition,MSSubClass,22.0
GarageCars,MSSubClass,22.0
TotRmsAbvGrd,MSSubClass,22.0
BsmtFinSF1,MSSubClass,22.0
GrLivArea,MSSubClass,22.0
1stFlrSF,MSSubClass,22.0
BsmtFinType1,MSSubClass,22.0
RemodAge,MSSubClass,22.0
FireplaceQu,MSSubClass,21.0
Age,MSSubClass,21.0
Functional,MSSubClass,21.0
1stFlrSF,MSSubClass,21.0
SaleCondition,MSSubClass,21.0
ExterCond_ord,MSSubClass,21.0
BsmtExposure,MSSubClass,21.0
MasVnrType,MSSubClass,21.0
SaleType,MSSubClass,21.0
RemodAge,MSSubClass,21.0
LowQualFinSF,MSSubClass,21.0
BsmtUnfSF,MSSubClass,21.0
WoodDeckSF,MSSubClass,21.0
ExterCond,MSSubClass,21.0
Fence,MSSubClass,21.0
PoolQC,MSSubClass,21.0
GarageYrBlt,MSSubClass,21.0
TotalSF,MSSubClass,21.0
PoolArea,MSSubClass,21.0
HeatingQC,MSSubClass,21.0
GrLivArea,MSSubClass,21.0
BsmtFinSF1,MSSubClass,21.0
Exterior2nd,MSSubClass,21.0
GarageQual_ord,MSSubClass,21.0
2ndFlrSF,MSSubClass,21.0
BathsPerRoom,MSSubClass,21.0
BsmtFinType2,MSSubClass,21.0
FullBath,MSSubClass,21.0
GarageArea,MSSubClass,21.0
HalfBath,MSSubClass,20.0
1stFlrSF,MSSubClass,20.0
RoofMatl,MSSubClass,20.0
FireplaceQu,MSSubClass,20.0
Fireplaces,MSSubClass,20.0
BsmtUnfSF,MSSubClass,20.0
FullBath,MSSubClass,20.0
BsmtExposure,MSSubClass,20.0
ScreenPorch,MSSubClass,20.0
SaleType,MSSubClass,20.0
LowQualFinSF,MSSubClass,20.0
BsmtFullBath,MSSubClass,20.0
GarageType,MSSubClass,20.0
Exterior2nd,MSSubClass,20.0
BsmtCond,MSSubClass,20.0
GarageCars,MSSubClass,20.0
Exterior1st,MSSubClass,20.0
GarageArea,MSSubClass,20.0
HeatingQC,MSSubClass,20.0
BsmtFinType1,MSSubClass,20.0
BsmtFinType2,MSSubClass,20.0
TotalBsmtSF,MSSubClass,20.0
2ndFlrSF,MSSubClass,20.0
GarageQual_ord,MSSubClass,20.0
PoolArea,MSSubClass,20.0
GarageFinish,MSSubClass,20.0
ExterQual,MSSubClass,20.0
GarageCond,MSSubClass,20.0
Foundation,MSSubClass,20.0
Age,MSSubClass,20.0
Functional,MSSubClass,20.0
MoSold,MSSubClass,20.0
SaleCondition,MSSubClass,20.0
MiscFeature,MSSubClass,20.0
TotalSF,MSSubClass,20.0
KitchenQual,MSSubClass,20.0
MasVnrType,MSSubClass,20.0
BsmtFinSF1,MSSubClass,20.0
BathsPerRoom,MSSubClass,20.0
RemodAge,MSSubClass,20.0
3SsnPorch,MSSubClass,20.0
PavedDrive,MSSubClass,20.0
MasVnrArea,MSSubClass,20.0
GrLivArea_to_TotalSF,MSSubClass,20.0
OpenPorchSF,MSSubClass,20.0
GarageYrBlt,MSSubClass,20.0
Electrical,MSSubClass,20.0
GrLivArea,MSSubClass,20.0
OpenPorchSF,MSSubClass,19.0
SaleCondition,MSSubClass,19.0
Functional,MSSubClass,19.0
HeatingQC,MSSubClass,19.0
Exterior2nd,MSSubClass,19.0
MiscVal,MSSubClass,19.0
WoodDeckSF,MSSubClass,19.0
Exterior1st,MSSubClass,19.0
TotalSF,MSSubClass,19.0
BsmtFinSF1,MSSubClass,19.0
GrLivArea,MSSubClass,19.0
BathsPerRoom,MSSubClass,19.0
BsmtQual_ord,MSSubClass,19.0
SaleType,MSSubClass,19.0
HeatingQC_ord,MSSubClass,19.0
MoSold,MSSubClass,19.0
HalfBath,MSSubClass,19.0
Age,MSSubClass,19.0
BsmtQual,MSSubClass,19.0
FireplaceQu,MSSubClass,19.0
ExterCond_ord,MSSubClass,19.0
FullBath,MSSubClass,19.0
RemodAge,MSSubClass,19.0
ScreenPorch,MSSubClass,19.0
TotalBsmtSF,MSSubClass,19.0
BsmtFinType2,MSSubClass,19.0
PavedDrive,MSSubClass,19.0
ExterQual,MSSubClass,19.0
2ndFlrSF,MSSubClass,19.0
FireplaceQu_ord,MSSubClass,19.0
MasVnrType,MSSubClass,19.0
PoolQC,MSSubClass,19.0
GarageCars,MSSubClass,19.0
RoofMatl,MSSubClass,19.0
MasVnrArea,MSSubClass,19.0
BsmtFinType1,MSSubClass,19.0
GarageArea,MSSubClass,19.0
GarageType,MSSubClass,19.0
RoofStyle,MSSubClass,19.0
ExterCond,MSSubClass,19.0
Heating,MSSubClass,19.0
BsmtExposure,MSSubClass,19.0
3SsnPorch,MSSubClass,19.0
1stFlrSF,MSSubClass,19.0
BsmtUnfSF,MSSubClass,19.0
KitchenQual,MSSubClass,19.0
GarageQual_ord,MSSubClass,19.0
Functional,MSSubClass,18.0
BsmtUnfSF,MSSubClass,18.0
TotRmsAbvGrd,MSSubClass,18.0
ExterQual_ord,MSSubClass,18.0
RoofMatl,MSSubClass,18.0
Age,MSSubClass,18.0
MasVnrType,MSSubClass,18.0
GrLivArea,MSSubClass,18.0
BsmtQual,MSSubClass,18.0
ExterCond_ord,MSSubClass,18.0
BsmtFullBath,MSSubClass,18.0
Fireplaces,MSSubClass,18.0
SaleType,MSSubClass,18.0
GarageQual,MSSubClass,18.0
FireplaceQu_ord,MSSubClass,18.0
BsmtExposure,MSSubClass,18.0
GarageYrBlt,MSSubClass,18.0
YearRemodAdd,MSSubClass,18.0
KitchenQual,MSSubClass,18.0
Fence,MSSubClass,18.0
TotalBsmtSF,MSSubClass,18.0
FireplaceQu,MSSubClass,18.0
BathsPerRoom,MSSubClass,18.0
BsmtQual_ord,MSSubClass,18.0
GarageFinish,MSSubClass,18.0
ScreenPorch,MSSubClass,18.0
TotalSF,MSSubClass,18.0
EnclosedPorch,MSSubClass,18.0
SaleCondition,MSSubClass,18.0
FullBath,MSSubClass,18.0
HeatingQC_ord,MSSubClass,18.0
GrLivArea_to_TotalSF,MSSubClass,18.0
GarageCars,MSSubClass,18.0
MoSold,MSSubClass,18.0
RemodAge,MSSubClass,18.0
Exterior2nd,MSSubClass,18.0
MasVnrArea,MSSubClass,18.0
PoolQC,MSSubClass,18.0
ExterQual,MSSubClass,18.0
BsmtCond,MSSubClass,18.0
PavedDrive,MSSubClass,18.0
2ndFlrSF,MSSubClass,18.0
KitchenQual_ord,MSSubClass,18.0
1stFlrSF,MSSubClass,18.0
BsmtFinSF1,MSSubClass,18.0
Electrical,MSSubClass,18.0
Heating,MSSubClass,18.0
YrSold,MSSubClass,18.0
BedroomAbvGr,MSSubClass,18.0
BsmtHalfBath,MSSubClass,18.0
Exterior1st,MSSubClass,18.0
OpenPorchSF,MSSubClass,18.0
GarageCond,MSSubClass,18.0
BsmtFinType1,MSSubClass,18.0
HeatingQC,MSSubClass,18.0
GarageArea,MSSubClass,18.0
TotRmsAbvGrd,MSSubClass,17.0
SaleType,MSSubClass,17.0
HeatingQC_ord,MSSubClass,17.0
Electrical,MSSubClass,17.0
RoofMatl,MSSubClass,17.0
MiscFeature,MSSubClass,17.0
GarageCond,MSSubClass,17.0
GarageCars,MSSubClass,17.0
TotalSF,MSSubClass,17.0
BathsPerRoom,MSSubClass,17.0
BsmtFinType1,MSSubClass,17.0
FireplaceQu_ord,MSSubClass,17.0
KitchenQual_ord,MSSubClass,17.0
BsmtQual,MSSubClass,17.0
GarageYrBlt,MSSubClass,17.0
GarageArea,MSSubClass,17.0
GrLivArea_to_TotalSF,MSSubClass,17.0
BsmtCond,MSSubClass,17.0
BedroomAbvGr,MSSubClass,17.0
PavedDrive,MSSubClass,17.0
ScreenPorch,MSSubClass,17.0
PoolQC,MSSubClass,17.0
MoSold,MSSubClass,17.0
GarageQual_ord,MSSubClass,17.0
ExterCond,MSSubClass,17.0
Foundation,MSSubClass,17.0
HalfBath,MSSubClass,17.0
OpenPorchSF,MSSubClass,17.0
BsmtFinType2,MSSubClass,17.0
Heating,MSSubClass,17.0
YrSold,MSSubClass,17.0
FullBath,MSSubClass,17.0
WoodDeckSF,MSSubClass,17.0
Exterior1st,MSSubClass,17.0
EnclosedPorch,MSSubClass,17.0
BsmtQual_ord,MSSubClass,17.0
BsmtUnfSF,MSSubClass,17.0
TotalBsmtSF,MSSubClass,17.0
2ndFlrSF,MSSubClass,17.0
YearBuilt,MSSubClass,17.0
BsmtFinSF1,MSSubClass,17.0
Fence,MSSubClass,17.0
Fireplaces,MSSubClass,17.0
ExterQual,MSSubClass,17.0
1stFlrSF,MSSubClass,17.0
YearRemodAdd,MSSubClass,17.0
BsmtExposure,MSSubClass,17.0
Functional,MSSubClass,17.0
RoofStyle,MSSubClass,17.0
KitchenQual,MSSubClass,17.0
GrLivArea,MSSubClass,17.0
SaleCondition,MSSubClass,17.0
RemodAge,MSSubClass,17.0
Age,MSSubClass,17.0
GarageQual,MSSubClass,17.0
GarageType,MSSubClass,17.0
GarageFinish,MSSubClass,17.0
Exterior2nd,MSSubClass,17.0
BsmtFullBath,MSSubClass,17.0
FireplaceQu,MSSubClass,17.0
MasVnrType,MSSubClass,17.0
GarageCond_ord,MSSubClass,17.0
HeatingQC,MSSubClass,17.0
TotRmsAbvGrd,MSSubClass,16.0
TotalSF,MSSubClass,16.0
3SsnPorch,MSSubClass,16.0
YearRemodAdd,MSSubClass,16.0
MasVnrType,MSSubClass,16.0
BathsPerRoom,MSSubClass,16.0
EnclosedPorch,MSSubClass,16.0
Fence,MSSubClass,16.0
MiscFeature,MSSubClass,16.0
BsmtQual_ord,MSSubClass,16.0
GarageYrBlt,MSSubClass,16.0
RemodAge,MSSubClass,16.0
BsmtFullBath,MSSubClass,16.0
FullBath,MSSubClass,16.0
2ndFlrSF,MSSubClass,16.0
YrSold,MSSubClass,16.0
ExterQual_ord,MSSubClass,16.0
BsmtFinSF1,MSSubClass,16.0
HeatingQC,MSSubClass,16.0
HalfBath,MSSubClass,16.0
GarageArea,MSSubClass,16.0
Electrical,MSSubClass,16.0
GarageFinish,MSSubClass,16.0
BsmtFinType1,MSSubClass,16.0
Fireplaces,MSSubClass,16.0
SaleCondition,MSSubClass,16.0
TotalBsmtSF,MSSubClass,16.0
OpenPorchSF,MSSubClass,16.0
ScreenPorch,MSSubClass,16.0
KitchenQual,MSSubClass,16.0
BsmtUnfSF,MSSubClass,16.0
BsmtQual,MSSubClass,16.0
ExterQual,MSSubClass,16.0
Exterior1st,MSSubClass,16.0
BsmtFinType2,MSSubClass,16.0
FireplaceQu,MSSubClass,16.0
WoodDeckSF,MSSubClass,16.0
LowQualFinSF,MSSubClass,16.0
OverallCond,MSSubClass,16.0
GarageCond,MSSubClass,16.0
1stFlrSF,MSSubClass,16.0
BsmtExposure,MSSubClass,16.0
HeatingQC_ord,MSSubClass,16.0
KitchenQual_ord,MSSubClass,16.0
RoofStyle,MSSubClass,16.0
Functional,MSSubClass,16.0
GarageCars,MSSubClass,16.0
MiscVal,MSSubClass,16.0
GarageQual,MSSubClass,16.0
PoolQC,MSSubClass,16.0
FireplaceQu_ord,MSSubClass,16.0
GarageType,MSSubClass,16.0
Age,MSSubClass,16.0
BedroomAbvGr,MSSubClass,16.0
GrLivArea,MSSubClass,16.0
ExterCond,MSSubClass,16.0
YearBuilt,MSSubClass,16.0
RoofMatl,MSSubClass,16.0
MasVnrArea,MSSubClass,16.0
Foundation,MSSubClass,16.0
GarageQual_ord,MSSubClass,16.0
MoSold,MSSubClass,16.0
PavedDrive,MSSubClass,16.0
GrLivArea_to_TotalSF,MSSubClass,16.0
Exterior2nd,MSSubClass,16.0
BsmtCond,MSSubClass,16.0
MiscFeature,MSSubClass,15.0
3SsnPorch,MSSubClass,15.0
KitchenQual,MSSubClass,15.0
YrSold,MSSubClass,15.0
PavedDrive,MSSubClass,15.0
SaleCondition,MSSubClass,15.0
OpenPorchSF,MSSubClass,15.0
RoofMatl,MSSubClass,15.0
TotalSF,MSSubClass,15.0
ScreenPorch,MSSubClass,15.0
ExterQual,MSSubClass,15.0
GarageYrBlt,MSSubClass,15.0
RemodAge,MSSubClass,15.0
EnclosedPorch,MSSubClass,15.0
FireplaceQu,MSSubClass,15.0
BsmtFinType1,MSSubClass,15.0
PoolQC,MSSubClass,15.0
ExterCond,MSSubClass,15.0
GarageCars,MSSubClass,15.0
YearRemodAdd,MSSubClass,15.0
YearBuilt,MSSubClass,15.0
1stFlrSF,MSSubClass,15.0
Exterior2nd,MSSubClass,15.0
RoofStyle,MSSubClass,15.0
BsmtUnfSF,MSSubClass,15.0
MoSold,MSSubClass,15.0
HeatingQC_ord,MSSubClass,15.0
TotalBsmtSF,MSSubClass,15.0
GarageArea,MSSubClass,15.0
Exterior1st,MSSubClass,15.0
GarageQual,MSSubClass,15.0
BsmtUnfSF,MSSubClass,14.0
2ndFlrSF,MSSubClass,14.0
Fireplaces,MSSubClass,14.0
WoodDeckSF,MSSubClass,14.0
HeatingQC,MSSubClass,14.0
PavedDrive,MSSubClass,14.0
TotalBsmtSF,MSSubClass,14.0
MoSold,MSSubClass,14.0
FullBath,MSSubClass,14.0
Foundation,MSSubClass,14.0
GarageQual,MSSubClass,14.0
ScreenPorch,MSSubClass,14.0
ExterCond,MSSubClass,14.0
OverallCond,MSSubClass,14.0
BathsPerRoom,MSSubClass,14.0
SaleType,MSSubClass,14.0
GarageYrBlt,MSSubClass,14.0
FireplaceQu,MSSubClass,14.0
RoofStyle,MSSubClass,14.0
KitchenQual,MSSubClass,14.0
HouseStyle,MSSubClass,14.0
MasVnrArea,MSSubClass,14.0
Exterior2nd,MSSubClass,14.0
GarageArea,MSSubClass,14.0
GarageType,MSSubClass,14.0
BsmtFinSF1,MSSubClass,14.0
BsmtFullBath,MSSubClass,14.0
OpenPorchSF,MSSubClass,14.0
BsmtExposure,MSSubClass,14.0
YearBuilt,MSSubClass,14.0
PoolQC,MSSubClass,14.0
BsmtFinType1,MSSubClass,14.0
OverallQual,MSSubClass,14.0
1stFlrSF,MSSubClass,14.0
RemodAge,MSSubClass,14.0
TotalSF,MSSubClass,14.0
GrLivArea,MSSubClass,14.0
GarageCond,MSSubClass,14.0
ExterQual_ord,MSSubClass,14.0
Electrical,MSSubClass,14.0
RoofMatl,MSSubClass,14.0
Exterior1st,MSSubClass,14.0
BsmtQual,MSSubClass,13.0
ExterCond,MSSubClass,13.0
FireplaceQu,MSSubClass,13.0
1stFlrSF,MSSubClass,13.0
MiscFeature,MSSubClass,13.0
BsmtFinSF1,MSSubClass,13.0
GarageArea,MSSubClass,13.0
OpenPorchSF,MSSubClass,13.0
GarageFinish,MSSubClass,13.0
PoolQC,MSSubClass,13.0
Foundation,MSSubClass,13.0
Functional,MSSubClass,13.0
GarageQual_ord,MSSubClass,13.0
RoofStyle,MSSubClass,13.0
GarageCars,MSSubClass,13.0
LowQualFinSF,MSSubClass,13.0
BsmtUnfSF,MSSubClass,12.0
EnclosedPorch,MSSubClass,12.0
YrSold,MSSubClass,12.0
FireplaceQu_ord,MSSubClass,12.0
BsmtFinSF1,MSSubClass,12.0
KitchenQual,MSSubClass,12.0
Heating,MSSubClass,12.0
RoofMatl,MSSubClass,12.0
GarageQual,MSSubClass,12.0
ExterCond,MSSubClass,12.0
GrLivArea_to_TotalSF,MSSubClass,12.0
BathsPerRoom,MSSubClass,12.0
RemodAge,MSSubClass,12.0
SaleCondition,MSSubClass,12.0
BsmtExposure,MSSubClass,12.0
MoSold,MSSubClass,12.0
2ndFlrSF,MSSubClass,12.0
Exterior1st,MSSubClass,12.0
Exterior2nd,MSSubClass,12.0
ExterQual,MSSubClass,12.0
PavedDrive,MSSubClass,12.0
TotalBsmtSF,MSSubClass,12.0
GarageCars,MSSubClass,12.0
HalfBath,MSSubClass,12.0
BldgType,MSSubClass,12.0
MasVnrType,MSSubClass,12.0
GarageFinish,MSSubClass,12.0
TotalSF,MSSubClass,12.0
Age,MSSubClass,12.0
GarageYrBlt,MSSubClass,12.0
SaleType,MSSubClass,12.0
MiscFeature,MSSubClass,12.0
1stFlrSF,MSSubClass,12.0
OverallCond,MSSubClass,12.0
GrLivArea,MSSubClass,12.0
BsmtCond,MSSubClass,12.0
FireplaceQu,MSSubClass,12.0
HouseStyle,MSSubClass,12.0
GarageArea,MSSubClass,12.0
BsmtQual,MSSubClass,12.0
RoofStyle,MSSubClass,12.0
Foundation,MSSubClass,12.0
TotRmsAbvGrd,MSSubClass,12.0
WoodDeckSF,MSSubClass,12.0
YearRemodAdd,MSSubClass,12.0
FullBath,MSSubClass,12.0
GarageType,MSSubClass,12.0
MasVnrArea,MSSubClass,12.0
Electrical,MSSubClass,12.0
OpenPorchSF,MSSubClass,12.0
HeatingQC,MSSubClass,12.0
3SsnPorch,MSSubClass,12.0
OverallQual,MSSubClass,12.0
GarageCond,MSSubClass,12.0
BsmtFinType2,MSSubClass,12.0
GarageQual_ord,MSSubClass,12.0
ScreenPorch,MSSubClass,12.0
Functional,MSSubClass,12.0
Fence,MSSubClass,12.0
BsmtFullBath,MSSubClass,12.0
ExterCond_ord,MSSubClass,12.0
YearBuilt,MSSubClass,12.0
HeatingQC_ord,MSSubClass,12.0
GarageYrBlt,MSSubClass,11.0
Exterior2nd,MSSubClass,11.0
Fence,MSSubClass,11.0
ExterCond,MSSubClass,11.0
Fireplaces,MSSubClass,11.0
MasVnrType,MSSubClass,11.0
MoSold,MSSubClass,11.0
GrLivArea_to_TotalSF,MSSubClass,11.0
KitchenQual,MSSubClass,11.0
Exterior1st,MSSubClass,11.0
BsmtQual_ord,MSSubClass,11.0
PavedDrive,MSSubClass,11.0
BsmtFinType2,MSSubClass,11.0
BathsPerRoom,MSSubClass,11.0
OverallCond,MSSubClass,11.0
TotalSF,MSSubClass,11.0
GarageFinish,MSSubClass,11.0
BsmtQual,MSSubClass,11.0
1stFlrSF,MSSubClass,11.0
ExterQual_ord,MSSubClass,11.0
KitchenQual_ord,MSSubClass,11.0
ExterQual,MSSubClass,11.0
ScreenPorch,MSSubClass,11.0
FireplaceQu_ord,MSSubClass,11.0
LowQualFinSF,MSSubClass,11.0
YearRemodAdd,MSSubClass,11.0
TotalBsmtSF,MSSubClass,11.0
GarageCond,MSSubClass,11.0
HalfBath,MSSubClass,11.0
SaleCondition,MSSubClass,11.0
YearBuilt,MSSubClass,11.0
BsmtExposure,MSSubClass,11.0
FullBath,MSSubClass,11.0
BsmtUnfSF,MSSubClass,11.0
SaleType,MSSubClass,11.0
GarageCond_ord,MSSubClass,11.0
OverallQual,MSSubClass,11.0
HeatingQC,MSSubClass,11.0
GarageQual,MSSubClass,11.0
GarageArea,MSSubClass,11.0
Age,MSSubClass,11.0
KitchenAbvGr,MSSubClass,11.0
MiscVal,MSSubClass,11.0
WoodDeckSF,MSSubClass,11.0
Functional,MSSubClass,11.0
ExterCond_ord,MSSubClass,11.0
GarageCars,MSSubClass,11.0
Electrical,MSSubClass,11.0
3SsnPorch,MSSubClass,11.0
GrLivArea,MSSubClass,11.0
GarageQual_ord,MSSubClass,11.0
RemodAge,MSSubClass,11.0
TotRmsAbvGrd,MSSubClass,11.0
OpenPorchSF,MSSubClass,11.0
GarageType,MSSubClass,11.0
RoofMatl,MSSubClass,11.0
HouseStyle,MSSubClass,11.0
PoolQC,MSSubClass,11.0
BsmtCond,MSSubClass,11.0
Heating,MSSubClass,11.0
Foundation,MSSubClass,11.0
2ndFlrSF,MSSubClass,11.0
BsmtFinType1,MSSubClass,11.0
MasVnrArea,MSSubClass,11.0
BedroomAbvGr,MSSubClass,11.0
Condition1,MSSubClass,11.0
BldgType,MSSubClass,11.0
BsmtFinSF1,MSSubClass,11.0
FireplaceQu,MSSubClass,11.0
MiscFeature,MSSubClass,11.0
EnclosedPorch,MSSubClass,11.0
TotRmsAbvGrd,MSSubClass,10.0
Heating,MSSubClass,10.0
BldgType,MSSubClass,10.0
MoSold,MSSubClass,10.0
PoolQC,MSSubClass,10.0
RoofMatl,MSSubClass,10.0
MiscVal,MSSubClass,10.0
OverallCond,MSSubClass,10.0
BsmtCond,MSSubClass,10.0
1stFlrSF,MSSubClass,10.0
Foundation,MSSubClass,10.0
OpenPorchSF,MSSubClass,10.0
SaleCondition,MSSubClass,10.0
HalfBath,MSSubClass,10.0
WoodDeckSF,MSSubClass,10.0
GrLivArea,MSSubClass,10.0
GarageType,MSSubClass,10.0
BsmtFinSF1,MSSubClass,10.0
ExterCond_ord,MSSubClass,10.0
YearRemodAdd,MSSubClass,10.0
FullBath,MSSubClass,10.0
3SsnPorch,MSSubClass,10.0
FireplaceQu,MSSubClass,10.0
BsmtFinType1,MSSubClass,10.0
TotalBsmtSF,MSSubClass,10.0
Functional,MSSubClass,10.0
BathsPerRoom,MSSubClass,10.0
Electrical,MSSubClass,10.0
YearBuilt,MSSubClass,10.0
HeatingQC,MSSubClass,10.0
BsmtQual,MSSubClass,10.0
BsmtExposure,MSSubClass,10.0
GarageCars,MSSubClass,10.0
BsmtFullBath,MSSubClass,10.0
Exterior2nd,MSSubClass,10.0
Age,MSSubClass,10.0
Neighborhood,MSSubClass,10.0
GarageArea,MSSubClass,10.0
GarageYrBlt,MSSubClass,10.0
ScreenPorch,MSSubClass,10.0
KitchenQual_ord,MSSubClass,10.0
Fence,MSSubClass,10.0
Condition1,MSSubClass,10.0
Fireplaces,MSSubClass,10.0
RemodAge,MSSubClass,10.0
MasVnrType,MSSubClass,10.0
OverallQual,MSSubClass,10.0
GrLivArea_to_TotalSF,MSSubClass,10.0
ExterQual,MSSubClass,10.0
LowQualFinSF,MSSubClass,10.0
GarageQual,MSSubClass,10.0
GarageQual_ord,MSSubClass,10.0
MasVnrArea,MSSubClass,10.0
TotalSF,MSSubClass,10.0
2ndFlrSF,MSSubClass,10.0
KitchenQual,MSSubClass,10.0
Exterior1st,MSSubClass,10.0
SaleType,MSSubClass,10.0
ExterCond,MSSubClass,10.0
BsmtFinType2,MSSubClass,10.0
GarageFinish,MSSubClass,10.0
PoolArea,MSSubClass,10.0
BsmtUnfSF,MSSubClass,10.0
RoofStyle,MSSubClass,10.0
YrSold,MSSubClass,10.0
Condition2,MSSubClass,10.0
MiscFeature,MSSubClass,10.0
Functional,MSSubClass,9.0
RemodAge,MSSubClass,9.0
BsmtExposure,MSSubClass,9.0
HeatingQC,MSSubClass,9.0
BsmtUnfSF,MSSubClass,9.0
GarageYrBlt,MSSubClass,9.0
BldgType,MSSubClass,9.0
GarageQual,MSSubClass,9.0
OpenPorchSF,MSSubClass,9.0
1stFlrSF,MSSubClass,9.0
LandSlope,MSSubClass,9.0
MoSold,MSSubClass,9.0
GrLivArea,MSSubClass,9.0
Foundation,MSSubClass,9.0
FireplaceQu,MSSubClass,9.0
ExterCond,MSSubClass,9.0
GarageType,MSSubClass,9.0
Fence,MSSubClass,9.0
BsmtQual,MSSubClass,9.0
BathsPerRoom,MSSubClass,9.0
3SsnPorch,MSSubClass,9.0
Exterior2nd,MSSubClass,9.0
YearBuilt,MSSubClass,9.0
TotalBsmtSF,MSSubClass,9.0
BsmtFinType1,MSSubClass,9.0
OverallQual,MSSubClass,9.0
GarageCond,MSSubClass,9.0
Condition1,MSSubClass,9.0
OverallCond,MSSubClass,9.0
ExterQual,MSSubClass,9.0
GarageFinish,MSSubClass,9.0
Heating,MSSubClass,9.0
HeatingQC_ord,MSSubClass,9.0
Neighborhood,MSSubClass,9.0
MasVnrType,MSSubClass,9.0
GarageCars,MSSubClass,9.0
WoodDeckSF,MSSubClass,9.0
TotalSF,MSSubClass,9.0
EnclosedPorch,MSSubClass,9.0
HouseStyle,MSSubClass,9.0
SaleType,MSSubClass,9.0
GrLivArea_to_TotalSF,MSSubClass,9.0
BsmtFinType2,MSSubClass,9.0
FullBath,MSSubClass,9.0
Age,MSSubClass,9.0
TotRmsAbvGrd,MSSubClass,9.0
YrSold,MSSubClass,9.0
Exterior1st,MSSubClass,9.0
SaleCondition,MSSubClass,9.0
Electrical,MSSubClass,9.0
BsmtCond,MSSubClass,9.0
Condition2,MSSubClass,9.0
SaleCondition,MSSubClass,7.0
BedroomAbvGr,MSSubClass,7.0
Condition1,MSSubClass,7.0
TotalSF,MSSubClass,7.0
HeatingQC,MSSubClass,7.0
YrSold,MSSubClass,7.0
MasVnrArea,MSSubClass,7.0
Heating,MSSubClass,7.0
Exterior1st,MSSubClass,7.0
BsmtUnfSF,MSSubClass,7.0
Foundation,MSSubClass,7.0
YearRemodAdd,MSSubClass,7.0
BsmtQual,MSSubClass,7.0
1stFlrSF,MSSubClass,7.0
Fireplaces,MSSubClass,7.0
BsmtFinSF2,MSSubClass,7.0
SaleType,MSSubClass,7.0
Age,MSSubClass,7.0
BldgType,MSSubClass,7.0
Fence,MSSubClass,7.0
RemodAge,MSSubClass,7.0
Electrical,MSSubClass,7.0
KitchenQual,MSSubClass,7.0
GarageQual,MSSubClass,7.0
Exterior2nd,MSSubClass,7.0
PoolQC,MSSubClass,7.0
GrLivArea,MSSubClass,7.0
BsmtExposure,MSSubClass,7.0
GarageArea,MSSubClass,7.0
LandSlope,MSSubClass,7.0
GarageType,MSSubClass,7.0
MoSold,MSSubClass,7.0
GarageYrBlt,MSSubClass,7.0
YearBuilt,MSSubClass,7.0
HalfBath,MSSubClass,7.0
LotConfig,MSSubClass,7.0
TotRmsAbvGrd,MSSubClass,7.0
Neighborhood,MSSubClass,7.0
ExterCond,MSSubClass,7.0
TotalBsmtSF,MSSubClass,7.0
RoofMatl,MSSubClass,7.0
MasVnrType,MSSubClass,7.0
PoolArea,MSSubClass,7.0
ExterQual_ord,MSSubClass,7.0
HouseStyle,MSSubClass,7.0
BsmtFinSF1,MSSubClass,7.0
EnclosedPorch,MSSubClass,7.0
GarageFinish,MSSubClass,7.0
BathsPerRoom,MSSubClass,7.0
OverallQual,MSSubClass,7.0
BsmtFinType2,MSSubClass,7.0
FireplaceQu_ord,MSSubClass,7.0
BsmtFinType1,MSSubClass,7.0
2ndFlrSF,MSSubClass,7.0
ExterQual,MSSubClass,7.0
ScreenPorch,MSSubClass,7.0
GrLivArea_to_TotalSF,MSSubClass,7.0
GarageCond,MSSubClass,7.0
GarageCars,MSSubClass,7.0
FireplaceQu,MSSubClass,7.0
RoofStyle,MSSubClass,7.0
PavedDrive,MSSubClass,7.0
OpenPorchSF,MSSubClass,7.0
OverallCond,MSSubClass,7.0
Functional,MSSubClass,7.0
BsmtCond,MSSubClass,7.0
3SsnPorch,MSSubClass,7.0
YrSold,MSSubClass,6.0
GarageYrBlt,MSSubClass,6.0
ExterCond,MSSubClass,6.0
TotalSF,MSSubClass,6.0
GarageFinish,MSSubClass,6.0
Condition1,MSSubClass,6.0
Exterior1st,MSSubClass,6.0
BsmtFinSF1,MSSubClass,6.0
Electrical,MSSubClass,6.0
TotalBsmtSF,MSSubClass,6.0
GarageQual,MSSubClass,6.0
Age,MSSubClass,6.0
BathsPerRoom,MSSubClass,6.0
BsmtFinSF2,MSSubClass,6.0
ExterQual,MSSubClass,6.0
FullBath,MSSubClass,6.0
3SsnPorch,MSSubClass,6.0
RoofStyle,MSSubClass,6.0
BldgType,MSSubClass,6.0
1stFlrSF,MSSubClass,6.0
GarageArea,MSSubClass,6.0
Exterior2nd,MSSubClass,6.0
2ndFlrSF,MSSubClass,6.0
BsmtCond,MSSubClass,6.0
WoodDeckSF,MSSubClass,6.0
HouseStyle,MSSubClass,6.0
HalfBath,MSSubClass,6.0
GarageQual_ord,MSSubClass,6.0
OverallCond,MSSubClass,6.0
YearRemodAdd,MSSubClass,6.0
FireplaceQu,MSSubClass,6.0
LandContour,MSSubClass,6.0
LotConfig,MSSubClass,6.0
GarageType,MSSubClass,6.0
MiscFeature,MSSubClass,6.0
LandSlope,MSSubClass,6.0
PoolQC,MSSubClass,6.0
OpenPorchSF,MSSubClass,6.0
HeatingQC,MSSubClass,6.0
MasVnrType,MSSubClass,6.0
GarageCars,MSSubClass,6.0
Neighborhood,MSSubClass,6.0
YearBuilt,MSSubClass,6.0
Foundation,MSSubClass,6.0
SaleType,MSSubClass,6.0
TotRmsAbvGrd,MSSubClass,6.0
RemodAge,MSSubClass,6.0
Fence,MSSubClass,6.0
MoSold,MSSubClass,6.0
EnclosedPorch,MSSubClass,6.0
GrLivArea_to_TotalSF,MSSubClass,6.0
MasVnrArea,MSSubClass,6.0
BsmtFullBath,MSSubClass,6.0
ExterCond_ord,MSSubClass,6.0
Functional,MSSubClass,6.0
BsmtUnfSF,MSSubClass,6.0
ScreenPorch,MSSubClass,6.0
GrLivArea,MSSubClass,6.0
LandContour,MSSubClass,5.0
ExterQual,MSSubClass,5.0
RoofMatl,MSSubClass,5.0
BsmtFullBath,MSSubClass,5.0
LowQualFinSF,MSSubClass,5.0
FireplaceQu,MSSubClass,5.0
YearRemodAdd,MSSubClass,5.0
BsmtExposure,MSSubClass,5.0
GarageFinish,MSSubClass,5.0
PavedDrive,MSSubClass,5.0
Age,MSSubClass,5.0
HeatingQC,MSSubClass,5.0
BathsPerRoom,MSSubClass,5.0
Electrical,MSSubClass,5.0
Exterior1st,MSSubClass,5.0
RemodAge,MSSubClass,5.0
Functional,MSSubClass,5.0
GrLivArea,MSSubClass,5.0
Neighborhood,MSSubClass,5.0
BldgType,MSSubClass,5.0
BsmtFinType2,MSSubClass,5.0
LandSlope,MSSubClass,5.0
GarageType,MSSubClass,5.0
HouseStyle,MSSubClass,5.0
BsmtCond,MSSubClass,5.0
GarageArea,MSSubClass,5.0
2ndFlrSF,MSSubClass,5.0
Foundation,MSSubClass,5.0
YearBuilt,MSSubClass,5.0
GarageQual,MSSubClass,5.0
MiscFeature,MSSubClass,5.0
Condition1,MSSubClass,5.0
LotConfig,MSSubClass,5.0
PoolArea,MSSubClass,5.0
RoofStyle,MSSubClass,5.0
TotalBsmtSF,MSSubClass,5.0
Fence,MSSubClass,5.0
SaleCondition,MSSubClass,5.0
EnclosedPorch,MSSubClass,5.0
OverallCond,MSSubClass,5.0
Fireplaces,MSSubClass,5.0
OverallQual,MSSubClass,5.0
BsmtFinSF1,MSSubClass,5.0
ExterQual_ord,MSSubClass,5.0
YrSold,MSSubClass,5.0
1stFlrSF,MSSubClass,5.0
OpenPorchSF,MSSubClass,5.0
BsmtFinType1,MSSubClass,5.0
PoolQC,MSSubClass,5.0
GarageCars,MSSubClass,5.0
MasVnrType,MSSubClass,5.0
Heating,MSSubClass,5.0
LotShape,MSSubClass,5.0
ExterCond,MSSubClass,5.0
Exterior2nd,MSSubClass,5.0
MoSold,MSSubClass,5.0
BsmtUnfSF,MSSubClass,5.0
Condition2,MSSubClass,5.0
KitchenQual,MSSubClass,5.0
MasVnrArea,MSSubClass,5.0
GarageYrBlt,MSSubClass,5.0
TotalSF,MSSubClass,5.0
BathsPerRoom,MSSubClass,3.0
Condition1,MSSubClass,3.0
HeatingQC_ord,MSSubClass,3.0
MoSold,MSSubClass,3.0
Exterior1st,MSSubClass,3.0
ExterCond,MSSubClass,3.0
YrSold,MSSubClass,3.0
Functional,MSSubClass,3.0
1stFlrSF,MSSubClass,3.0
BsmtCond,MSSubClass,3.0
3SsnPorch,MSSubClass,3.0
OverallCond,MSSubClass,3.0
GarageFinish,MSSubClass,3.0
BsmtFullBath,MSSubClass,3.0
Heating,MSSubClass,3.0
PavedDrive,MSSubClass,3.0
KitchenQual,MSSubClass,3.0
FullBath,MSSubClass,3.0
BsmtUnfSF,MSSubClass,3.0
GarageQual,MSSubClass,3.0
Neighborhood,MSSubClass,3.0
BsmtFinSF1,MSSubClass,3.0
HeatingQC,MSSubClass,3.0
GarageCond,MSSubClass,3.0
EnclosedPorch,MSSubClass,3.0
Fireplaces,MSSubClass,3.0
TotalBsmtSF,MSSubClass,3.0
GarageType,MSSubClass,3.0
Age,MSSubClass,3.0
BedroomAbvGr,MSSubClass,3.0
MasVnrType,MSSubClass,3.0
OpenPorchSF,MSSubClass,3.0
Foundation,MSSubClass,3.0
GarageArea,MSSubClass,3.0
LandSlope,MSSubClass,3.0
YearBuilt,MSSubClass,3.0
RemodAge,MSSubClass,3.0
MiscFeature,MSSubClass,3.0
BsmtFinSF2,MSSubClass,3.0
LandContour,MSSubClass,3.0
MasVnrArea,MSSubClass,3.0
BsmtQual_ord,MSSubClass,3.0
Electrical,MSSubClass,3.0
WoodDeckSF,MSSubClass,3.0
BsmtHalfBath,MSSubClass,3.0
ExterQual,MSSubClass,3.0
PoolArea,MSSubClass,3.0
TotalSF,MSSubClass,3.0
SaleType,MSSubClass,3.0
HalfBath,MSSubClass,3.0
BsmtFinType1,MSSubClass,3.0
BldgType,MSSubClass,3.0
BsmtQual,MSSubClass,3.0
FireplaceQu,MSSubClass,3.0
RoofStyle,MSSubClass,3.0
OverallQual,MSSubClass,3.0
ExterQual_ord,MSSubClass,3.0
LotShape,MSSubClass,3.0
ScreenPorch,MSSubClass,3.0
Alley,MSSubClass,3.0
GarageCars,MSSubClass,3.0
BsmtExposure,MSSubClass,3.0
LotConfig,MSSubClass,3.0
FireplaceQu_ord,MSSubClass,3.0
2ndFlrSF,MSSubClass,3.0
GarageYrBlt,MSSubClass,3.0
BsmtFinType2,MSSubClass,3.0
TotRmsAbvGrd,MSSubClass,3.0
KitchenQual_ord,MSSubClass,3.0
GrLivArea_to_TotalSF,MSSubClass,3.0
GrLivArea,MSSubClass,3.0
YearRemodAdd,MSSubClass,3.0
Fence,MSSubClass,3.0
SaleCondition,MSSubClass,3.0
Exterior2nd,MSSubClass,3.0
PoolQC,MSSubClass,3.0
BsmtCond,MSSubClass,2.0
Exterior2nd,MSSubClass,2.0
HeatingQC,MSSubClass,2.0
BsmtFinType1,MSSubClass,2.0
RoofMatl,MSSubClass,2.0
Exterior1st,MSSubClass,2.0
GarageCars,MSSubClass,2.0
BsmtExposure,MSSubClass,2.0
MiscFeature,MSSubClass,2.0
OpenPorchSF,MSSubClass,2.0
GarageType,MSSubClass,2.0
TotalSF,MSSubClass,2.0
1stFlrSF,MSSubClass,2.0
PavedDrive,MSSubClass,2.0
GarageArea,MSSubClass,2.0
BldgType,MSSubClass,2.0
OverallQual,MSSubClass,2.0
TotalBsmtSF,MSSubClass,2.0
WoodDeckSF,MSSubClass,2.0
RemodAge,MSSubClass,2.0
HalfBath,MSSubClass,2.0
YearRemodAdd,MSSubClass,2.0
GarageCond,MSSubClass,2.0
TotRmsAbvGrd,MSSubClass,2.0
LandSlope,MSSubClass,2.0
RoofStyle,MSSubClass,2.0
Functional,MSSubClass,2.0
FullBath,MSSubClass,2.0
Alley,MSSubClass,2.0
EnclosedPorch,MSSubClass,2.0
Foundation,MSSubClass,2.0
YearBuilt,MSSubClass,2.0
BsmtUnfSF,MSSubClass,2.0
Heating,MSSubClass,2.0
LandContour,MSSubClass,2.0
ExterQual,MSSubClass,2.0
BsmtQual,MSSubClass,2.0
SaleType,MSSubClass,2.0
HouseStyle,MSSubClass,2.0
KitchenQual,MSSubClass,2.0
BsmtFinSF2,MSSubClass,2.0
LotShape,MSSubClass,2.0
LotConfig,MSSubClass,2.0
Condition1,MSSubClass,2.0
GrLivArea,MSSubClass,2.0
BathsPerRoom,MSSubClass,2.0
Electrical,MSSubClass,2.0
BsmtFinSF1,MSSubClass,2.0
MiscVal,MSSubClass,2.0
MoSold,MSSubClass,2.0
OverallCond,MSSubClass,2.0
GarageYrBlt,MSSubClass,2.0
LotArea,MSSubClass,2.0
SaleCondition,MSSubClass,2.0
GarageFinish,MSSubClass,2.0
MasVnrArea,MSSubClass,2.0
BsmtFinType2,MSSubClass,2.0
YrSold,MSSubClass,2.0
FireplaceQu,MSSubClass,2.0
Age,MSSubClass,2.0
GrLivArea_to_TotalSF,MSSubClass,2.0
Neighborhood,MSSubClass,2.0
Fence,MSSubClass,2.0
LotArea,MSSubClass,1.0
Functional,MSSubClass,1.0
LotFrontage,MSSubClass,1.0
BsmtFinSF2,MSSubClass,1.0
TotalSF,MSSubClass,1.0
MasVnrArea,MSSubClass,1.0
PoolArea,MSSubClass,1.0
Neighborhood,MSSubClass,1.0
HouseStyle,MSSubClass,1.0
GarageArea,MSSubClass,1.0
RoofMatl,MSSubClass,1.0
OverallCond,MSSubClass,1.0
ExterQual,MSSubClass,1.0
OverallQual,MSSubClass,1.0
SaleType,MSSubClass,1.0
RoofStyle,MSSubClass,1.0
EnclosedPorch,MSSubClass,1.0
GarageQual,MSSubClass,1.0
Exterior2nd,MSSubClass,1.0
Condition2,MSSubClass,1.0
HeatingQC,MSSubClass,1.0
LandContour,MSSubClass,1.0
BsmtFinSF1,MSSubClass,1.0
GrLivArea_to_TotalSF,MSSubClass,1.0
Condition1,MSSubClass,1.0
FullBath,MSSubClass,1.0
BathsPerRoom,MSSubClass,1.0
LotConfig,MSSubClass,1.0
OpenPorchSF,MSSubClass,1.0
YrSold,MSSubClass,1.0
FireplaceQu,MSSubClass,1.0
BsmtFullBath,MSSubClass,1.0
PoolQC,MSSubClass,1.0
LandSlope,MSSubClass,1.0
MiscFeature,MSSubClass,1.0
BldgType,MSSubClass,1.0
BsmtHalfBath,MSSubClass,1.0
ExterQual_ord,MSSubClass,1.0
BsmtExposure,MSSubClass,1.0
Fireplaces,MSSubClass,1.0
BsmtQual_ord,MSSubClass,1.0
YearRemodAdd,MSSubClass,1.0
ExterCond,MSSubClass,1.0
Exterior1st,MSSubClass,1.0
BsmtFinType1,MSSubClass,1.0
GarageType,MSSubClass,1.0
Heating,MSSubClass,1.0
GarageCars,MSSubClass,1.0
TotRmsAbvGrd,MSSubClass,1.0
SaleCondition,MSSubClass,1.0
BedroomAbvGr,MSSubClass,1.0
Alley,MSSubClass,1.0
Foundation,MSSubClass,1.0
ScreenPorch,MSSubClass,1.0
YearBuilt,MSSubClass,1.0
GarageYrBlt,MSSubClass,1.0
BsmtQual,MSSubClass,1.0
GarageCond_ord,MSSubClass,1.0
RemodAge,MSSubClass,1.0
FireplaceQu_ord,MSSubClass,1.0
TotalBsmtSF,MSSubClass,1.0
LotShape,MSSubClass,1.0
ExterCond_ord,MSSubClass,1.0
Electrical,MSSubClass,1.0
BsmtCond,MSSubClass,1.0
MoSold,MSSubClass,1.0
BsmtUnfSF,MSSubClass,1.0
KitchenQual,MSSubClass,1.0
BsmtFinType2,MSSubClass,1.0
GrLivArea,MSSubClass,1.0
PavedDrive,MSSubClass,1.0
GarageCond,MSSubClass,1.0
WoodDeckSF,MSSubClass,1.0
3SsnPorch,MSSubClass,1.0
2ndFlrSF,MSSubClass,1.0
GarageFinish,MSSubClass,1.0
Age,MSSubClass,1.0
MasVnrType,MSSubClass,1.0
Fence,MSSubClass,1.0
1stFlrSF,MSSubClass,1.0
GarageCond,MSSubClass,0.0
BsmtFinType1,MSSubClass,0.0
LotShape,MSSubClass,0.0
Age,MSSubClass,0.0
Exterior1st,MSSubClass,0.0
GarageArea,MSSubClass,0.0
OverallQual,MSSubClass,0.0
BsmtFinSF2,MSSubClass,0.0
FireplaceQu,MSSubClass,0.0
LotArea,MSSubClass,0.0
Neighborhood,MSSubClass,0.0
TotalBsmtSF,MSSubClass,0.0
LotFrontage,MSSubClass,0.0
BsmtFinType2,MSSubClass,0.0
Condition1,MSSubClass,0.0
ExterQual_ord,MSSubClass,0.0
EnclosedPorch,MSSubClass,0.0
WoodDeckSF,MSSubClass,0.0
BsmtCond,MSSubClass,0.0
GrLivArea,MSSubClass,0.0
ExterCond_ord,MSSubClass,0.0
BsmtUnfSF,MSSubClass,0.0
ExterQual,MSSubClass,0.0
BsmtQual,MSSubClass,0.0
RoofStyle,MSSubClass,0.0
BldgType,MSSubClass,0.0
PavedDrive,MSSubClass,0.0
RemodAge,MSSubClass,0.0
Exterior2nd,MSSubClass,0.0
OpenPorchSF,MSSubClass,0.0
MSZoning,MSSubClass,0.0
GarageCars,MSSubClass,0.0
YearBuilt,MSSubClass,0.0
OverallCond,MSSubClass,0.0
HalfBath,MSSubClass,0.0
MoSold,MSSubClass,0.0
TotalSF,MSSubClass,0.0
SaleType,MSSubClass,0.0
GarageQual,MSSubClass,0.0
KitchenQual,MSSubClass,0.0
Foundation,MSSubClass,0.0
GrLivArea_to_TotalSF,MSSubClass,0.0
ScreenPorch,MSSubClass,0.0
